{"_step":499,"epoch":499,"precision":0.3693720238095238,"f1-score":0.4963844141969142,"_wandb":{"runtime":5},"_timestamp":1.7288254672252376e+09,"train_loss":5.053818211579896,"train_acc":0.3472425595238095,"val_acc":0.3186071428571428,"val_loss":4.984039450569812,"_runtime":5.404914683,"recall":0.8699434523809524}