{"train_acc":0.4431072210065646,"epoch":999,"_wandb":{"runtime":6},"recall":0.17725234692447808,"precision":0.1482098531918973,"_runtime":6.823012222,"train_loss":2.0510269412220308,"_timestamp":1.7288235616132154e+09,"f1-score":0.17725234692447808,"_step":999,"val_acc":0.4473684210526316,"val_loss":1.9902064960602528}