{"_step":17,"val_acc":0.3500595238095238,"precision":0.3810148809523809,"_wandb":{"runtime":1},"_timestamp":1.7288260961880476e+09,"train_acc":0.3465461309523809,"epoch":17,"val_loss":5.340193562610906,"_runtime":0.566107271,"recall":0.8245267857142857,"train_loss":5.073417888785568,"f1-score":0.4913327089577089}