{"val_loss":1.0082491422227495,"_wandb":{"runtime":2},"epoch":499,"f1-score":0.30960755985781213,"_runtime":2.765141678,"train_acc":0.6334792122538293,"_step":499,"precision":0.3018824767263661,"val_acc":0.631578947368421,"train_loss":0.884108923224162,"recall":0.30960755985781213,"_timestamp":1.7288243079878411e+09}