{"epoch":499,"train_loss":5.125232838574261,"_step":499,"_timestamp":1.728825410376528e+09,"precision":0.3491056547619047,"val_acc":0.33979761904761907,"_wandb":{"runtime":2},"f1-score":0.49773220529470535,"recall":0.9843839285714285,"train_acc":0.34618005952380954,"val_loss":5.098019227761942,"_runtime":2.473601954}