{"val_precision":0.0033333333333333335,"train_recall":0.006172839506172839,"val_recall":0.16666666666666666,"batch_size":128,"_runtime":5.483232438,"optimizer":"sgd","val_loss":1.1238514678146436,"epochs":50,"activation":"tanh","train_loss":0.4895850918756879,"_timestamp":1.7284328601213787e+09,"hidden_layers":[128,64,32],"learning_rate":0.001,"_wandb":{"runtime":5},"train_precision":0.001572327044025157,"_step":0}