{"_runtime":10.160711075,"_step":999,"_timestamp":1.728825301335998e+09,"_wandb":{"runtime":10},"recall":0.9915625,"epoch":999,"train_acc":0.34932291666666665,"train_loss":5.1369756005632095,"val_loss":5.079167022686803,"f1-score":0.5011107711732712,"val_acc":0.3332142857142857,"precision":0.3506845238095238}