{"epoch":392,"precision":0.3967246648434215,"f1-score":0.33387912289020966,"val_loss":1.0301332813905917,"_timestamp":1.728824458770924e+09,"train_loss":0.8409555469421619,"recall":0.33387912289020966,"train_acc":0.6444201312910285,"_runtime":2.081785612,"_step":392,"_wandb":{"runtime":2},"val_acc":0.5789473684210527}