{"train_acc":0.4026258205689278,"val_acc":0.4649122807017544,"train_loss":2.5154068380990817,"_step":99,"_wandb":{"runtime":1},"precision":0.17703317333528001,"_timestamp":1.7288235825673823e+09,"epoch":99,"_runtime":1.168522327,"recall":0.19576752937408673,"val_loss":2.6593926950178965,"f1-score":0.19576752937408673}