{"hidden_layers":[128,64,32],"batch_size":64,"epochs":50,"_runtime":5.945787922,"val_recall":0,"learning_rate":0.001,"train_precision":0.0015432098765432098,"optimizer":"sgd","_timestamp":1.7284325198889794e+09,"val_loss":1.1956106990040247,"_wandb":{"runtime":5},"train_recall":0.006172839506172839,"_step":0,"train_loss":0.44696549102098987,"activation":"tanh","val_precision":0}