{"_wandb":{"runtime":1},"f1-score":0.34387889056527415,"recall":0.34387889056527415,"train_acc":0.6630196936542669,"val_acc":0.6140350877192983,"_timestamp":1.7288247865448637e+09,"_runtime":1.380591644,"train_loss":0.834920934159005,"epoch":154,"val_loss":0.8789120587147842,"precision":0.4080080506310015,"_step":154}