{"train_RMSE_loss":145.135752374742,"val_R2_Score":14522.729837802017,"epoch":10,"train_MSE_loss":21064.386617382424,"val_RMSE_loss":145.91464660917234,"_step":10,"val_MSE_loss":21291.084095079645,"_wandb":{"runtime":0},"_timestamp":1.7288279100368729e+09,"train_R2_Score":101078.23078361108,"_runtime":0.523602716}