{"batch_size":64,"train_precision":0.0027548209366391185,"val_recall":0,"_runtime":1.2515479250000001,"activation":"tanh","learning_rate":0.1,"val_precision":0,"_wandb":{"runtime":1},"_step":0,"_timestamp":1.728432655490226e+09,"train_loss":1.4904192376349714,"val_loss":2.1356099999046942,"hidden_layers":[64,32],"optimizer":"sgd","epochs":100,"train_recall":0.012345679012345678}