{"recall":0.21712904581757042,"f1-score":0.21712904581757042,"train_acc":0.5437636761487965,"val_loss":1.8062821458037888,"_step":499,"_timestamp":1.7288232669523766e+09,"val_acc":0.49122807017543857,"epoch":499,"_runtime":4.7904288059999995,"train_loss":1.8958660475269902,"precision":0.17958952361023925,"_wandb":{"runtime":4}}