{"_timestamp":1.7288254426212451e+09,"train_loss":5.057886803607097,"recall":0.94525,"precision":0.35643749999999996,"f1-score":0.49745793095793095,"_wandb":{"runtime":2},"train_acc":0.347235119047619,"val_loss":5.1116728930183335,"_runtime":2.503486775,"_step":499,"epoch":499,"val_acc":0.3387619047619047}