{"val_acc":0.33327380952380947,"f1-score":0.4987698273948274,"precision":0.3668154761904762,"_runtime":2.055240263,"epoch":185,"_wandb":{"runtime":2},"train_acc":0.34970238095238093,"val_loss":5.069235535212994,"train_loss":5.064233992080502,"_timestamp":1.728825480508605e+09,"_step":185,"recall":0.8916636904761904}