{"train_acc":0.700218818380744,"epoch":74,"val_acc":0.5877192982456141,"_wandb":{"runtime":1},"f1-score":0.3599984271901162,"val_loss":0.9641559731750816,"recall":0.3599984271901162,"precision":0.45982057277677707,"_step":74,"train_loss":0.7361253918373853,"_timestamp":1.7288248571304498e+09,"_runtime":1.684882989}