{"epoch":369,"val_acc":0.3534999999999999,"_timestamp":1.7288255549531682e+09,"val_loss":5.133535160005476,"f1-score":0.5016031676656677,"_wandb":{"runtime":1},"_step":369,"recall":0.8406964285714287,"train_acc":0.3536279761904762,"_runtime":1.475992576,"precision":0.3915491071428572,"train_loss":4.977939909045108}