{"_timestamp":1.72843232805262e+09,"learning_rate":0.01,"train_recall":0.006172839506172839,"val_precision":0,"optimizer":"adam","hidden_layers":[64,32],"_wandb":{"runtime":1},"val_recall":0,"_runtime":1.514682871,"train_precision":0.00196078431372549,"batch_size":32,"epochs":100,"_step":0,"train_loss":0.7539680563575346,"activation":"tanh","val_loss":1.0303842558563607}