{"_wandb":{"runtime":6},"precision":0.7035451470205568,"_timestamp":1.7288226082231548e+09,"_step":99,"train_loss":1.1017821094657245,"train_acc":0.7549234135667396,"_runtime":6.55558991,"val_acc":0.6403508771929824,"val_loss":1.5532860303523934,"epoch":99,"f1-score":0.42670064452851336,"recall":0.42670064452851336}