{"_timestamp":1.728430073913639e+09,"val_precision":0,"hidden_layers":[128,64,32],"optimizer":"sgd","batch_size":32,"_step":0,"val_loss":1.0509603006366455,"learning_rate":0.01,"train_recall":0.006172839506172839,"activation":"sigmoid","_wandb":{"runtime":6},"train_loss":0.8583517593334887,"_runtime":6.31436655,"val_recall":0,"epochs":50,"train_precision":0.002824858757062147}