{"precision":0.30058558878848113,"_timestamp":1.7288222768979578e+09,"epoch":499,"f1-score":0.3001257280970396,"val_acc":0.5877192982456141,"train_acc":0.6148796498905909,"train_loss":1.615584696470335,"_wandb":{"runtime":3},"_runtime":3.960220756,"val_loss":1.6302542888870435,"recall":0.3001257280970396,"_step":499}