{"val_MSE_loss":6.0638862959236225e+196,"val_R2_Score":2.32768872663075e+196,"train_R2_Score":3.2012597930478195e+197,"_wandb":{"runtime":0},"train_RMSE_loss":2.5071273982990553e+98,"epoch":10,"val_RMSE_loss":2.4624959484075546e+98,"_timestamp":1.7288267999095156e+09,"train_MSE_loss":6.2856877913017894e+196,"_step":10,"_runtime":0.580000375}