{"activation":"tanh","epochs":100,"_step":0,"_runtime":1.8566768420000002,"_timestamp":1.7284330908872411e+09,"val_precision":0,"_wandb":{"runtime":1},"batch_size":128,"train_recall":0.006172839506172839,"train_precision":0.0021367521367521365,"train_loss":0.8278587594348871,"val_loss":0.9988494528625258,"hidden_layers":[128,64,32],"optimizer":"adam","val_recall":0,"learning_rate":0.01}