{"_timestamp":1.7288258678415608e+09,"f1-score":0.4984875194250195,"precision":0.3479910714285714,"val_acc":0.32375,"epoch":99,"recall":0.9908958333333334,"_step":99,"_wandb":{"runtime":1},"val_loss":5.054352683385059,"_runtime":1.043134411,"train_loss":5.166803623333791,"train_acc":0.3466294642857143}