{"f1-score":0.3307964436996695,"_wandb":{"runtime":1},"train_acc":0.6586433260393874,"val_loss":0.8286151145927321,"_timestamp":1.7288244689031186e+09,"_step":105,"train_loss":0.8214428998956529,"precision":0.40416256157635466,"epoch":105,"_runtime":1.286620644,"recall":0.3307964436996695,"val_acc":0.6578947368421053}