{"val_recall":0,"activation":"tanh","batch_size":32,"val_precision":0,"learning_rate":0.001,"train_recall":0.05555555555555555,"_timestamp":1.7284323699765577e+09,"_step":0,"epochs":100,"val_loss":1.5677607816852157,"_runtime":10.252855269,"hidden_layers":[128,64,32],"train_precision":0.0004616805170821791,"_wandb":{"runtime":10},"optimizer":"sgd","train_loss":0.20844039419377577}