{"val_acc":0,"train_loss":0.36219659653021463,"_wandb":{"runtime":5},"epoch":999,"train_acc":0,"_step":999,"val_loss":1.5309135313363378,"_timestamp":1.7287240517858589e+09,"_runtime":4.581453238}