{"_runtime":68.239857942,"_wandb":{"runtime":68},"epoch":999,"precision":0.3409987100923799,"train_loss":1.3465680906243864,"val_acc":0.6403508771929824,"_timestamp":1.7288235387775633e+09,"_step":999,"train_acc":0.6947483588621444,"f1-score":0.3466532556696491,"recall":0.3466532556696491,"val_loss":1.4739269456144024}