{"val_acc":0.6491228070175439,"precision":0.4063989527380297,"epoch":81,"_step":81,"train_loss":0.7503614278449878,"train_acc":0.6947483588621444,"_runtime":1.533547974,"val_loss":0.9648208328031722,"recall":0.36545697943462846,"_wandb":{"runtime":1},"_timestamp":1.728824758293017e+09,"f1-score":0.36545697943462846}