{"precision":0.4730332707535149,"train_acc":0.6312910284463895,"f1-score":0.3126737877939491,"_timestamp":1.728824971133214e+09,"_runtime":1.292443203,"val_loss":0.8832543868828149,"recall":0.3126737877939491,"epoch":118,"_step":118,"val_acc":0.6666666666666666,"train_loss":0.897364708499209,"_wandb":{"runtime":1}}