{"learning_rate":0.001,"hidden_layers":[128,64,32],"epochs":50,"activation":"tanh","_wandb":{"runtime":5},"batch_size":32,"val_loss":1.0867777049169556,"_step":0,"optimizer":"sgd","_runtime":5.350354385,"val_recall":0,"_timestamp":1.728432198660815e+09,"val_precision":0,"train_recall":0.006172839506172839,"train_precision":0.0016666666666666668,"train_loss":0.5205868530561663}