{"epoch":99,"train_loss":0.8331171768368117,"_wandb":{"runtime":1},"_step":99,"precision":0.3229934769903209,"train_acc":0.6652078774617067,"val_loss":0.9709761633031132,"recall":0.3243653374289268,"_runtime":1.887242265,"_timestamp":1.7288247216338997e+09,"f1-score":0.3243653374289268,"val_acc":0.6403508771929824}