{"val_acc":0.6842105263157895,"_wandb":{"runtime":6},"_step":99,"train_acc":0.8052516411378556,"f1-score":0.5135990262014852,"_timestamp":1.728822158133787e+09,"val_loss":1.4932339036533817,"train_loss":0.9463949939845077,"_runtime":6.539565736,"precision":0.7818044553510438,"epoch":99,"recall":0.5135990262014852}