{"val_loss":1.047172964929651,"recall":0.2349056603773585,"train_loss":0.9898533221839564,"precision":0.27881944444444445,"_step":999,"val_acc":0.543859649122807,"_wandb":{"runtime":6},"_timestamp":1.7288242366459644e+09,"_runtime":6.526736189,"f1-score":0.2349056603773585,"epoch":999,"train_acc":0.5831509846827133}