{"val_acc":0.3215119047619047,"_timestamp":1.7288257469818254e+09,"precision":0.4064434523809524,"val_loss":5.288812545110881,"train_acc":0.35238839285714285,"f1-score":0.4967376373626373,"_step":16,"recall":0.7406517857142856,"epoch":16,"train_loss":4.950800824889745,"_wandb":{"runtime":2},"_runtime":2.044534739}