{"val_R2_Score":114.33728809276579,"val_MSE_loss":193.539770310692,"_timestamp":1.7288279525713422e+09,"epoch":12,"train_R2_Score":912.1739810352029,"_runtime":0.579366186,"_step":12,"_wandb":{"runtime":0},"val_RMSE_loss":13.911857184096306,"train_RMSE_loss":13.750966805813464,"train_MSE_loss":189.08908809458373}