{"precision":0.40098660714285717,"_wandb":{"runtime":2},"epoch":355,"val_acc":0.38220238095238096,"_timestamp":1.7288253095394514e+09,"_step":355,"f1-score":0.49568489843489844,"_runtime":2.245803879,"train_loss":4.932858939201902,"val_loss":5.206765647919564,"train_acc":0.35214285714285715,"recall":0.7828422619047619}