{"train_precision":0.0024509803921568627,"_wandb":{"runtime":3},"_runtime":3.6995023160000002,"activation":"sigmoid","val_precision":0,"train_recall":0.006172839506172839,"hidden_layers":[64,32],"val_loss":1.0549406743284324,"optimizer":"sgd","_step":0,"_timestamp":1.7284303420641968e+09,"learning_rate":0.01,"batch_size":64,"epochs":50,"train_loss":0.8396556697762593,"val_recall":0}