{"train_acc":0.34546875,"val_acc":0.33892857142857147,"f1-score":0.49690402652902654,"train_loss":5.170441224136343,"epoch":76,"recall":0.9965625,"_wandb":{"runtime":1},"val_loss":5.141014777999105,"precision":0.345766369047619,"_runtime":1.101030407,"_timestamp":1.7288255611166432e+09,"_step":76}