{"train_acc":0.6455142231947484,"epoch":499,"_runtime":6.835150811,"train_loss":1.5161541174422584,"_timestamp":1.7288226790608785e+09,"val_loss":1.5216026834575183,"precision":0.48391970132611145,"_step":499,"_wandb":{"runtime":6},"f1-score":0.3205787495746512,"recall":0.3205787495746512,"val_acc":0.6140350877192983}