{"_step":13,"val_acc":0.6052631578947368,"train_acc":0.7658643326039387,"_timestamp":1.7288248703571868e+09,"f1-score":0.6846327326965609,"_wandb":{"runtime":1},"val_loss":1.0902063765311263,"train_loss":0.6011903218023978,"recall":0.6846327326965609,"epoch":13,"precision":0.8573303271657856,"_runtime":1.824032586}