{"val_loss":2.9671465516636313,"batch_size":32,"train_recall":0,"train_precision":0,"learning_rate":0.1,"val_recall":0.16666666666666666,"val_precision":0.0029239766081871343,"train_loss":0.09682883503612412,"epochs":100,"_wandb":{"runtime":6},"hidden_layers":[64,32],"_step":0,"optimizer":"sgd","_timestamp":1.7284301847080688e+09,"activation":"sigmoid","_runtime":6.814315338}