{"recall":0.39475792220887646,"_runtime":1.77537551,"epoch":10,"_timestamp":1.7288245538117208e+09,"val_loss":2.4488439483357967,"train_loss":2.082439107412974,"val_acc":0.5701754385964912,"train_acc":0.6017505470459519,"_step":10,"_wandb":{"runtime":1},"precision":0.5017574246740913,"f1-score":0.39475792220887646}