{"_timestamp":1.7288256641177988e+09,"f1-score":0.5048766788766789,"recall":0.7549434523809524,"precision":0.4197678571428572,"train_loss":4.898309217473235,"_wandb":{"runtime":2},"train_acc":0.36121875000000003,"_runtime":2.275877163,"val_loss":5.084093068672535,"_step":34,"val_acc":0.3572142857142857,"epoch":34}