{"val_precision":0.16666666666666666,"epochs":100,"batch_size":128,"_runtime":10.703207616,"_timestamp":1.7284320152307582e+09,"optimizer":"sgd","train_loss":0.1405471302682082,"_step":0,"val_recall":0.004273504273504273,"activation":"relu","_wandb":{"runtime":10},"val_loss":2.351013534911024,"learning_rate":0.001,"train_recall":0,"train_precision":0,"hidden_layers":[128,64,32]}