{"_timestamp":1.7288236261296124e+09,"train_loss":2.4996422489957904,"val_loss":2.453695366299512,"precision":0.157834378977996,"val_acc":0.40350877192982454,"_step":99,"_runtime":1.092328765,"train_acc":0.40043763676148797,"epoch":99,"_wandb":{"runtime":1},"recall":0.1727785534137993,"f1-score":0.1727785534137993}