{"precision":0.322643995578263,"_wandb":{"runtime":1},"train_acc":0.6663019693654267,"_step":99,"epoch":99,"recall":0.31555778021951225,"_timestamp":1.7288240796219225e+09,"f1-score":0.31555778021951225,"_runtime":1.906590301,"train_loss":0.8658996085718111,"val_loss":0.9162870538352977,"val_acc":0.6403508771929824}