{"train_acc":0.6411378555798687,"_step":99,"val_loss":1.5706440049711528,"recall":0.3070919403911207,"_runtime":1.682960046,"epoch":99,"precision":0.321660172616055,"f1-score":0.3070919403911207,"val_acc":0.6140350877192983,"_timestamp":1.7288235788680546e+09,"train_loss":1.6007917517215764,"_wandb":{"runtime":1}}