{"_step":0,"train_precision":0.0032679738562091504,"_wandb":{"runtime":6},"epochs":100,"learning_rate":0.001,"activation":"sigmoid","optimizer":"sgd","_runtime":6.756320059,"val_precision":0,"train_loss":0.899673091436949,"train_recall":0.006172839506172839,"val_recall":0,"_timestamp":1.7284301297580457e+09,"batch_size":32,"val_loss":1.0362941786615745,"hidden_layers":[64,32]}