{"train_precision":0.0026881720430107525,"optimizer":"sgd","train_recall":0.006172839506172839,"epochs":50,"activation":"sigmoid","learning_rate":0.01,"_runtime":6.279634345,"_step":0,"val_precision":0,"_wandb":{"runtime":6},"train_loss":0.8496360615802228,"val_recall":0,"hidden_layers":[128,64,32],"batch_size":64,"_timestamp":1.7284304229847891e+09,"val_loss":1.0429581480389596}