{"_wandb":{"runtime":1},"val_MSE_loss":129.99814440872674,"_timestamp":1.728827934328079e+09,"train_RMSE_loss":10.674157221448912,"_runtime":1.031856316,"val_R2_Score":64.73004378558346,"_step":17,"val_RMSE_loss":11.401672877640664,"train_MSE_loss":113.93763238820996,"epoch":17,"train_R2_Score":554.4437058765413}