{"epoch":188,"val_acc":0.3556547619047619,"train_acc":0.36006994047619045,"_step":188,"_runtime":1.363057573,"_wandb":{"runtime":1},"_timestamp":1.7288258739337864e+09,"recall":0.8073035714285715,"precision":0.40224999999999994,"train_loss":4.913011834092232,"f1-score":0.5045385309135308,"val_loss":5.05561049938646}