{"epoch":99,"recall":0.8224166666666666,"_step":99,"f1-score":0.49533248001998004,"_runtime":2.072125603,"train_acc":0.34976636904761904,"val_loss":5.104399691022588,"train_loss":4.999090355946733,"val_acc":0.3268452380952381,"_wandb":{"runtime":2},"_timestamp":1.7288261795895355e+09,"precision":0.38570982142857146}