{"_wandb":{"runtime":0},"train_MSE_loss":142.303925091343,"val_MSE_loss":106.10107213522097,"_runtime":0.777392166,"_timestamp":1.7288275443119514e+09,"train_R2_Score":656.3163964438152,"val_RMSE_loss":10.300537468269361,"_step":10,"epoch":10,"train_RMSE_loss":11.929120885100586,"val_R2_Score":88.34828916409357}