{"learning_rate":0.1,"train_recall":0.05555555555555555,"activation":"relu","_timestamp":1.7284315604362018e+09,"train_loss":1.0778190741616573,"_wandb":{"runtime":2},"val_precision":0,"val_recall":0,"optimizer":"sgd","_runtime":2.664829215,"batch_size":64,"hidden_layers":[128,64,32],"_step":0,"val_loss":1.2095804795220273,"epochs":50,"train_precision":0.0003255208333333333}