{"precision":0.4770162426412427,"train_acc":0.6553610503282276,"epoch":10,"val_loss":1.0305098995831845,"train_loss":0.8144449067547047,"val_acc":0.5877192982456141,"_wandb":{"runtime":1},"_step":10,"_runtime":1.172281337,"f1-score":0.3678484222171146,"recall":0.3678484222171146,"_timestamp":1.7288251276752315e+09}