{"val_acc":0.32294047619047617,"_wandb":{"runtime":4},"f1-score":0.4994894688644689,"epoch":389,"val_loss":5.074651424949151,"_runtime":4.221693939,"_timestamp":1.728825455261738e+09,"_step":389,"precision":0.37065624999999996,"train_loss":5.047311863087844,"train_acc":0.34912499999999996,"recall":0.8919970238095237}