{"_runtime":0.497048677,"_step":12,"val_R2_Score":70.0001084572643,"_timestamp":1.7288275566908898e+09,"train_MSE_loss":128.87700623764255,"train_RMSE_loss":11.352400901908043,"_wandb":{"runtime":0},"epoch":12,"train_R2_Score":622.1784184545289,"val_RMSE_loss":12.191012290663922,"val_MSE_loss":148.6207806711188}