{"_timestamp":1.728823072039415e+09,"train_loss":1.9453824146651029,"_runtime":1.71837672,"epoch":99,"_step":99,"_wandb":{"runtime":1},"val_loss":1.862022732540036,"recall":0.20694269300826676,"precision":0.1705216098686546,"val_acc":0.43859649122807015,"train_acc":0.5196936542669585,"f1-score":0.20694269300826676}