{"val_loss":0.9780378959905026,"_step":342,"f1-score":0.33252478937979346,"epoch":342,"train_acc":0.6663019693654267,"precision":0.49310501741057294,"_wandb":{"runtime":4},"recall":0.33252478937979346,"_timestamp":1.7288247959128659e+09,"val_acc":0.6491228070175439,"_runtime":4.633769628,"train_loss":0.8315900827443636}