{"_wandb":{"runtime":2},"val_acc":0.3305833333333333,"_step":42,"epoch":42,"precision":0.45075000000000004,"recall":0.6244761904761905,"val_loss":5.223475460752216,"_runtime":2.911717544,"train_loss":4.81584903679083,"train_acc":0.3591279761904762,"f1-score":0.4923544233544233,"_timestamp":1.7288256310947003e+09}