{"f1-score":0.3436256898997587,"val_acc":0.5789473684210527,"_step":93,"recall":0.3436256898997587,"precision":0.5042725330074068,"train_acc":0.687089715536105,"epoch":93,"train_loss":0.8013929012791138,"_timestamp":1.728824743558811e+09,"_wandb":{"runtime":1},"val_loss":1.0408573325479697,"_runtime":1.811168962}