{"val_loss":5.031651471908156,"_wandb":{"runtime":6},"train_loss":5.022445072787523,"epoch":999,"_step":999,"_timestamp":1.728825890200168e+09,"val_acc":0.339595238095238,"recall":0.8746755952380952,"f1-score":0.499072163947164,"_runtime":6.391942301,"precision":0.37262797619047616,"train_acc":0.3495297619047619}