{"train_acc":0.6531728665207878,"train_loss":0.8860972504200858,"_timestamp":1.7288244284313276e+09,"f1-score":0.32562443695040383,"_step":140,"precision":0.4800266100473857,"_wandb":{"runtime":1},"recall":0.32562443695040383,"val_acc":0.5877192982456141,"_runtime":1.047506756,"val_loss":0.9777544073992318,"epoch":140}