{"val_loss":1.7469942427660279,"_timestamp":1.72882355190066e+09,"_step":999,"val_acc":0.5,"f1-score":0.21869132688804818,"train_acc":0.5470459518599562,"_wandb":{"runtime":9},"epoch":999,"recall":0.21869132688804818,"train_loss":1.8528045037599548,"precision":0.17955635491606714,"_runtime":9.332543219}