{"epoch":63,"f1-score":0.5001711066711068,"precision":0.3565788690476191,"_step":63,"_runtime":1.006559434,"_timestamp":1.7288258788374407e+09,"train_acc":0.3490535714285714,"val_loss":5.152798803716751,"_wandb":{"runtime":1},"val_acc":0.33534523809523814,"recall":0.9645684523809525,"train_loss":5.116397148778409}