{"val_precision":0,"activation":"tanh","learning_rate":0.001,"optimizer":"sgd","_step":0,"_wandb":{"runtime":3},"_runtime":3.475357107,"epochs":50,"val_loss":1.0357985080754337,"train_loss":0.7022742440702234,"_timestamp":1.728432440001212e+09,"batch_size":64,"train_precision":0.0017730496453900709,"train_recall":0.006172839506172839,"val_recall":0,"hidden_layers":[64,32]}