{"train_loss":0.8822394990607125,"_step":20,"_wandb":{"runtime":1},"precision":0.3403953485144942,"val_acc":0.5350877192982456,"train_acc":0.6630196936542669,"epoch":20,"_runtime":1.706410794,"recall":0.27833279702794816,"val_loss":1.6853071789223895,"_timestamp":1.7288245476947024e+09,"f1-score":0.27833279702794816}