{"val_acc":0.631578947368421,"f1-score":0.31827175976112143,"precision":0.4053824532402282,"_wandb":{"runtime":1},"_step":11,"val_loss":1.0146633662099622,"_runtime":1.8047138729999999,"epoch":11,"train_acc":0.6422319474835886,"recall":0.31827175976112143,"_timestamp":1.728824133645644e+09,"train_loss":0.8360115158768612}