{"val_R2_Score":11958.343837986095,"train_MSE_loss":13933.22135129353,"_wandb":{"runtime":0},"train_RMSE_loss":118.03906705533355,"train_R2_Score":63799.390523545146,"_step":12,"epoch":12,"val_RMSE_loss":133.33193187054286,"_runtime":0.547889414,"val_MSE_loss":17777.404056331085,"_timestamp":1.7288271695650136e+09}