{"train_loss":2.3861118399256975,"_wandb":{"runtime":1},"f1-score":0.16666666666666666,"_timestamp":1.7288230759088597e+09,"val_acc":0.41228070175438597,"val_loss":2.391345433910673,"precision":0.0711159737417943,"train_acc":0.42669584245076586,"recall":0.16666666666666666,"_runtime":1.1934750379999999,"_step":99,"epoch":99}