{"_wandb":{"runtime":11},"activation":"sigmoid","epochs":100,"batch_size":64,"learning_rate":0.01,"optimizer":"sgd","val_loss":1.0753524506420316,"_runtime":11.705660891,"train_recall":0.006172839506172839,"_timestamp":1.7284306244099298e+09,"train_precision":0.0024509803921568627,"_step":0,"train_loss":0.7707681312043959,"val_recall":0,"hidden_layers":[128,64,32],"val_precision":0}