{"recall":0.5220713322891927,"val_loss":1.120395395605699,"train_acc":0.6695842450765864,"train_loss":0.7619617429274897,"_step":12,"f1-score":0.5220713322891927,"val_acc":0.5526315789473685,"epoch":12,"_wandb":{"runtime":1},"precision":0.7366143639255519,"_runtime":1.119534117,"_timestamp":1.7288246927337632e+09}