{"_step":999,"val_loss":1.175722126525139,"train_acc":0.6411378555798687,"recall":0.31349939745565253,"_runtime":4.929484974,"epoch":999,"f1-score":0.31349939745565253,"_timestamp":1.7288249419560325e+09,"precision":0.3185887212203002,"train_loss":0.8302946834149646,"val_acc":0.5263157894736842,"_wandb":{"runtime":4}}