{"val_loss":0.9152795006699581,"_runtime":1.503918835,"val_acc":0.6228070175438597,"_timestamp":1.7288248932838755e+09,"train_loss":0.8048981476423662,"train_acc":0.6816192560175055,"_step":18,"epoch":18,"recall":0.38023959484518294,"precision":0.6021361592986221,"f1-score":0.38023959484518294,"_wandb":{"runtime":1}}