{"val_acc":0.6140350877192983,"precision":0.3935988431551803,"_runtime":1.056186615,"val_loss":0.9714818707218739,"_step":68,"epoch":68,"train_acc":0.637855579868709,"_timestamp":1.7288250929455674e+09,"train_loss":0.8782144214816515,"f1-score":0.33662582603720054,"_wandb":{"runtime":1},"recall":0.33662582603720054}