{"train_loss":0.24780817405882624,"learning_rate":0.1,"epochs":100,"_step":0,"_runtime":6.5478837389999995,"train_recall":0,"_timestamp":1.7284309089501112e+09,"_wandb":{"runtime":6},"hidden_layers":[64,32],"batch_size":128,"val_precision":0.16666666666666666,"optimizer":"sgd","val_recall":0.004273504273504273,"train_precision":0,"val_loss":3.364911129606041,"activation":"sigmoid"}