{"val_loss":5.14754844007458,"precision":0.3764002976190476,"_timestamp":1.7288259522646043e+09,"_runtime":1.094394157,"_step":99,"train_loss":5.0644411670263185,"_wandb":{"runtime":1},"train_acc":0.3410282738095238,"val_acc":0.3099523809523809,"f1-score":0.4867507353757354,"recall":0.7856696428571428,"epoch":99}