{"val_loss":1.0126518110592726,"_timestamp":1.7288243133149934e+09,"_step":57,"train_acc":0.6367614879649891,"recall":0.29789312158611375,"train_loss":0.899471816938167,"f1-score":0.29789312158611375,"epoch":57,"_runtime":1.028879049,"_wandb":{"runtime":1},"val_acc":0.5614035087719298,"precision":0.3109285401280019}