{"epoch":999,"_runtime":6.079721864,"_step":999,"train_loss":5.028172707677295,"recall":0.8843720238095238,"train_acc":0.34779910714285706,"val_loss":4.9636649878543215,"val_acc":0.34336904761904763,"_wandb":{"runtime":6},"_timestamp":1.728826195816693e+09,"precision":0.3703630952380952,"f1-score":0.4980795662670663}