{"train_acc":0.3476473214285714,"_runtime":3.627015998,"train_loss":5.024875552564984,"precision":0.3703645833333333,"_step":499,"_wandb":{"runtime":3},"epoch":499,"recall":0.8741249999999999,"_timestamp":1.728825351124989e+09,"val_acc":0.37410714285714286,"f1-score":0.4973622488622489,"val_loss":5.109987306766877}