{"train_loss":1.5989879570060672,"precision":0.3052009404227011,"_wandb":{"runtime":6},"_step":999,"train_acc":0.62472647702407,"val_acc":0.5964912280701754,"f1-score":0.3051727416481515,"_timestamp":1.7288225731805937e+09,"epoch":999,"_runtime":6.450284048,"val_loss":1.647030284102399,"recall":0.3051727416481515}