{"_wandb":{"runtime":2},"_timestamp":1.7288261366839314e+09,"train_acc":0.3471116071428571,"val_loss":5.548873658538769,"recall":0.7193839285714286,"_runtime":2.82455509,"precision":0.4006726190476191,"train_loss":5.29375337068584,"epoch":16,"f1-score":0.48818037518037516,"val_acc":0.30813095238095234,"_step":16}