{"recall":0.22936107608238757,"f1-score":0.22936107608238757,"epoch":499,"train_loss":1.8198229123749599,"val_loss":1.7111170564808913,"_timestamp":1.7288231605421886e+09,"_step":499,"precision":0.18884863847303088,"_runtime":6.829865244,"_wandb":{"runtime":6},"train_acc":0.5722100656455142,"val_acc":0.5175438596491229}