{"_step":30,"_runtime":2.401487504,"recall":0.3279649116432545,"epoch":30,"val_loss":0.9533222561622465,"_wandb":{"runtime":2},"train_acc":0.687089715536105,"val_acc":0.631578947368421,"f1-score":0.3279649116432545,"precision":0.3734526703668028,"_timestamp":1.7288240909680114e+09,"train_loss":0.7899008228903291}