{"val_loss":1.1027442795721223,"_step":16,"f1-score":0.5279080209408078,"_runtime":1.370655943,"_wandb":{"runtime":1},"epoch":16,"precision":0.5740109845881399,"train_acc":0.7833698030634574,"recall":0.5279080209408078,"_timestamp":1.7288250375754385e+09,"val_acc":0.6140350877192983,"train_loss":0.5923717057886081}