{"f1-score":0.3664659660287799,"epoch":999,"val_acc":0.6403508771929824,"val_loss":0.8459674804682655,"precision":0.4451236731789702,"recall":0.3664659660287799,"_step":999,"_timestamp":1.7288249610926008e+09,"_runtime":12.741234328,"train_acc":0.7286652078774617,"train_loss":0.6950374146329202,"_wandb":{"runtime":12}}