{"_step":999,"val_loss":1.8757252261833137,"val_acc":0.543859649122807,"_runtime":4.169616107,"epoch":999,"train_loss":1.9522472053991906,"f1-score":0.22881662963630178,"train_acc":0.5492341356673961,"_timestamp":1.7288224148506637e+09,"_wandb":{"runtime":4},"precision":0.23088082556804412,"recall":0.22881662963630178}