{"epoch":99,"f1-score":0.220701083135412,"precision":0.24731791814753457,"_step":99,"train_loss":1.1362774021637272,"val_acc":0.4824561403508772,"_runtime":1.055216594,"train_acc":0.5218818380743983,"val_loss":1.1644928140306299,"recall":0.220701083135412,"_timestamp":1.7288245754485328e+09,"_wandb":{"runtime":1}}