{"_timestamp":1.7288233621212761e+09,"epoch":999,"val_acc":0.5964912280701754,"recall":0.23703937228527394,"val_loss":1.5736729572375963,"train_loss":1.6743469576076249,"precision":0.19657184536834427,"_runtime":13.626449067,"_wandb":{"runtime":13},"f1-score":0.23703937228527394,"_step":999,"train_acc":0.5897155361050328}