{"recall":0.7383690476190476,"_step":15,"_wandb":{"runtime":1},"precision":0.4222589285714286,"f1-score":0.5067595598845599,"_runtime":1.381652679,"train_acc":0.36160565476190487,"val_loss":5.102549947525109,"val_acc":0.3398095238095238,"train_loss":4.9056071664021434,"_timestamp":1.728826112251005e+09,"epoch":15}