{"_runtime":0.54124729,"val_RMSE_loss":3.0368421693259225e+46,"val_MSE_loss":9.222410361396176e+92,"_step":10,"train_MSE_loss":1.0147937616321312e+93,"_wandb":{"runtime":0},"val_R2_Score":5.0854226759859406e+92,"train_RMSE_loss":3.1855827749913065e+46,"train_R2_Score":4.73478275281742e+93,"_timestamp":1.7288270161661193e+09,"epoch":10}