{"val_loss":1.1738788427044318,"train_acc":0.5864332603938731,"train_loss":1.03548682181114,"val_acc":0.5789473684210527,"_runtime":1.037109083,"f1-score":0.3603501577840183,"_wandb":{"runtime":1},"_step":10,"precision":0.36403161001486134,"recall":0.3603501577840183,"epoch":10,"_timestamp":1.7288245699745624e+09}