{"train_loss":0.7097914141712762,"_timestamp":1.7284316491432557e+09,"_wandb":{"runtime":1},"train_recall":0.08024691358024691,"_step":0,"learning_rate":0.1,"val_precision":0,"hidden_layers":[64,32],"val_recall":0,"optimizer":"adam","activation":"relu","_runtime":1.102123967,"val_loss":1.859354490764152,"epochs":100,"train_precision":0.0035135588311510147,"batch_size":64}