{"train_loss":1.940090010271636,"_runtime":1.246903917,"precision":0.2345040697115476,"f1-score":0.23382023259072438,"epoch":99,"_step":99,"val_acc":0.5263157894736842,"val_loss":1.7897596870689803,"_wandb":{"runtime":1},"recall":0.23382023259072438,"_timestamp":1.7288221810732515e+09,"train_acc":0.5120350109409191}