{"_step":0,"_wandb":{"runtime":1},"epochs":50,"train_precision":0.002551020408163265,"val_loss":2.599392308689855,"activation":"tanh","optimizer":"sgd","train_recall":0.018518518518518517,"batch_size":128,"val_precision":0,"_timestamp":1.7284328226907082e+09,"_runtime":1.749565408,"val_recall":0,"train_loss":1.574101986291654,"hidden_layers":[64,32],"learning_rate":0.1}