{"_timestamp":1.728823094191655e+09,"train_loss":2.623529430063116,"recall":0.16302367941712204,"epoch":99,"train_acc":0.3916849015317287,"f1-score":0.16302367941712204,"_wandb":{"runtime":1},"_step":99,"val_acc":0.42105263157894735,"val_loss":2.5895264475730775,"precision":0.06607604282022887,"_runtime":1.084019609}