{"val_loss":1.0066344275706183,"_runtime":1.502414698,"epoch":365,"recall":0.31657502861222114,"_step":365,"_timestamp":1.7288247156141999e+09,"train_loss":0.8441879680192013,"train_acc":0.6597374179431073,"val_acc":0.5964912280701754,"precision":0.3223669386169386,"f1-score":0.31657502861222114,"_wandb":{"runtime":1}}