{"_runtime":1.667869195,"train_loss":4.996765818576415,"val_loss":4.985738521357743,"_wandb":{"runtime":1},"val_acc":0.3029880952380952,"recall":0.7579255952380953,"precision":0.4084821428571429,"_timestamp":1.7288255967697299e+09,"_step":257,"f1-score":0.4959897741147741,"epoch":257,"train_acc":0.3553586309523809}