{"_timestamp":1.7284326670152307e+09,"train_precision":0.0015015015015015015,"batch_size":64,"optimizer":"adam","learning_rate":0.1,"train_recall":0.006172839506172839,"_wandb":{"runtime":1},"val_loss":1.410957212660895,"train_loss":0.39111090391692166,"_runtime":1.305934003,"activation":"tanh","val_recall":0.004273504273504273,"_step":0,"hidden_layers":[64,32],"val_precision":0.16666666666666666,"epochs":100}