{"f1-score":0.24999724774314944,"train_acc":0.524070021881838,"val_acc":0.5350877192982456,"_wandb":{"runtime":4},"val_loss":1.877715104536235,"recall":0.24999724774314944,"precision":0.25084672698085386,"_timestamp":1.7288224988506415e+09,"_runtime":4.218975894,"_step":999,"epoch":999,"train_loss":1.9006837244379442}