{"epoch":16,"f1-score":0.4725099622599622,"val_loss":5.162287238602415,"_wandb":{"runtime":1},"_timestamp":1.7288259238452387e+09,"recall":0.749482142857143,"val_acc":0.30863095238095234,"precision":0.3750416666666666,"train_loss":5.196424450765172,"_step":16,"train_acc":0.3300982142857143,"_runtime":1.186843609}