{"precision":0.24596099070126584,"_timestamp":1.7288221628765347e+09,"_runtime":1.260076766,"train_loss":1.8386752944921538,"f1-score":0.23467380752216818,"val_acc":0.5701754385964912,"_wandb":{"runtime":1},"val_loss":1.7745807490820962,"recall":0.23467380752216818,"_step":99,"train_acc":0.5525164113785558,"epoch":99}