{"val_loss":5.057744697298357,"_wandb":{"runtime":1},"precision":0.39731101190476187,"val_acc":0.32944047619047623,"f1-score":0.5144468586968587,"_timestamp":1.7288256791318133e+09,"_step":14,"train_loss":4.874707256519238,"recall":0.8353690476190476,"train_acc":0.3704360119047619,"_runtime":1.61960742,"epoch":14}