{"train_precision":0,"batch_size":64,"epochs":100,"_step":0,"train_recall":0,"_wandb":{"runtime":10},"learning_rate":0.001,"_runtime":10.800894453,"val_recall":0,"activation":"relu","optimizer":"sgd","val_loss":2.5583282799877427,"hidden_layers":[128,64,32],"train_loss":0.18676637840546456,"val_precision":0,"_timestamp":1.7284316700268915e+09}