{"f1-score":0.7216536309774014,"precision":0.924132831284952,"train_loss":0.6795256512056761,"epoch":99,"_wandb":{"runtime":9},"val_acc":0.6052631578947368,"_runtime":9.40958854,"recall":0.7216536309774014,"train_acc":0.887308533916849,"val_loss":1.8094797190429868,"_timestamp":1.7288236173715916e+09,"_step":99}