{"train_loss":0.8425698126083312,"recall":0.3291942522367852,"_timestamp":1.728824036896271e+09,"epoch":404,"_step":404,"_wandb":{"runtime":3},"precision":0.48853163860416465,"f1-score":0.3291942522367852,"train_acc":0.6542669584245077,"val_loss":0.7909642207543924,"val_acc":0.6842105263157895,"_runtime":3.8225211310000002}