{"_timestamp":1.7288266441227493e+09,"_runtime":0.50815962,"_step":11,"epoch":11,"val_MSE_loss":9.443746678682041e+33,"train_MSE_loss":9.443746678682043e+33,"val_R2_Score":6.457352404843014e+33,"train_RMSE_loss":9.717894153921437e+16,"_wandb":{"runtime":0},"val_RMSE_loss":9.717894153921435e+16,"train_R2_Score":4.582316168326345e+34}