{"epoch":999,"train_loss":85.01732838504236,"_step":999,"_wandb":{"runtime":4},"_runtime":4.283127184,"val_R2_Score":51.51453949529408,"val_loss":98.02937038975928,"_timestamp":1.7288091182356062e+09,"train_R2_Score":404.0060582528118}