{"val_loss":1.6039717277786318,"f1-score":0.3114919233771693,"train_loss":1.596578195709851,"val_acc":0.6052631578947368,"_wandb":{"runtime":9},"_runtime":9.795565647,"_timestamp":1.7288230451094265e+09,"recall":0.3114919233771693,"_step":999,"precision":0.3163911549420126,"train_acc":0.6400437636761488,"epoch":999}