{"f1-score":0.29913466542564904,"_timestamp":1.7288232066133146e+09,"recall":0.29913466542564904,"precision":0.2984089359180528,"_runtime":34.388408949,"_step":499,"_wandb":{"runtime":34},"val_acc":0.5877192982456141,"val_loss":1.4983632879269206,"train_acc":0.6269146608315098,"epoch":499,"train_loss":1.5212827387951047}