{"precision":0.2843472172494729,"recall":0.2891724964470866,"epoch":499,"_wandb":{"runtime":5},"val_acc":0.5789473684210527,"f1-score":0.2891724964470866,"_step":499,"_timestamp":1.7288227782899868e+09,"train_loss":1.7147340789655638,"train_acc":0.6028446389496718,"val_loss":1.7426838810935283,"_runtime":5.358750791}