{"_step":999,"f1-score":0.31121285272621896,"train_loss":0.9072023415750909,"recall":0.31121285272621896,"precision":0.4617080975458721,"epoch":999,"_timestamp":1.7288241142080927e+09,"train_acc":0.6137855579868708,"val_acc":0.6666666666666666,"_runtime":9.865553514,"_wandb":{"runtime":9},"val_loss":0.8211142994677909}