{"f1-score":0.29642156516948664,"epoch":120,"train_acc":0.6334792122538293,"_step":120,"recall":0.29642156516948664,"_runtime":1.321354868,"_timestamp":1.7288240236883707e+09,"_wandb":{"runtime":1},"val_loss":0.9836662653245164,"train_loss":0.8903751457407273,"val_acc":0.6052631578947368,"precision":0.3059927118037369}