{"learning_rate":0.01,"optimizer":"adam","_step":0,"_runtime":1.076165555,"val_precision":0.003472222222222222,"batch_size":128,"_timestamp":1.7284319589780402e+09,"train_precision":0.001984126984126984,"val_recall":0.16666666666666666,"train_loss":0.8916729159657434,"epochs":100,"train_recall":0.006172839506172839,"val_loss":1.198216963203089,"hidden_layers":[64,32],"_wandb":{"runtime":1},"activation":"relu"}