{"_step":50,"train_loss":0.7815605438613196,"_timestamp":1.7288243731414182e+09,"_wandb":{"runtime":1},"epoch":50,"val_loss":0.9422062790940768,"train_acc":0.6991247264770241,"precision":0.5162244902453447,"_runtime":1.168216129,"recall":0.3538112490297764,"f1-score":0.3538112490297764,"val_acc":0.5701754385964912}