{"val_RMSE_loss":10.34395523334663,"_step":13,"_runtime":0.588959376,"val_MSE_loss":106.99740986947916,"_wandb":{"runtime":0},"train_RMSE_loss":10.313414771072607,"epoch":13,"_timestamp":1.7288277092697604e+09,"train_MSE_loss":106.36652424017863,"val_R2_Score":63.54592283378296,"train_R2_Score":513.4425483658152}