{"train_loss":1.6640426947723113,"batch_size":128,"learning_rate":0.001,"optimizer":"adam","_step":0,"train_precision":0.08809576427255984,"train_recall":0.04538669652019778,"_runtime":0.862569265,"_wandb":{"runtime":0},"val_precision":0.051010101010101006,"hidden_layers":[64,32],"val_loss":1.701686567166053,"epochs":50,"val_recall":0.06837606837606837,"activation":"tanh","_timestamp":1.7284327840221884e+09}