{"val_R2_Score":2676.378645570501,"val_MSE_loss":6654.920630364249,"train_R2_Score":37239.43627868868,"_step":11,"_wandb":{"runtime":0},"train_MSE_loss":7144.174429814869,"epoch":11,"train_RMSE_loss":84.52321828831927,"_runtime":0.531860277,"val_RMSE_loss":81.57769689298816,"_timestamp":1.7288272197700973e+09}