{"val_RMSE_loss":12.461267637345296,"epoch":12,"_wandb":{"runtime":1},"train_R2_Score":650.6015625135502,"_step":12,"train_MSE_loss":127.9594090259527,"val_MSE_loss":155.2831911295492,"train_RMSE_loss":11.311914472181652,"_timestamp":1.7288280861751087e+09,"_runtime":1.304616051,"val_R2_Score":74.35161112414244}