{"f1-score":0.33759942589777836,"_timestamp":1.7288248422259424e+09,"_runtime":1.9605980710000002,"precision":0.5032497583614585,"val_loss":0.9485510446378749,"recall":0.33759942589777836,"train_loss":0.7988260545297328,"train_acc":0.6827133479212254,"epoch":86,"_wandb":{"runtime":1},"_step":86,"val_acc":0.6052631578947368}