{"recall":0.3153192619861634,"_timestamp":1.7288250711802197e+09,"val_acc":0.5877192982456141,"_wandb":{"runtime":1},"_runtime":1.283689357,"train_loss":0.8477643788864436,"precision":0.3283747208471129,"epoch":129,"f1-score":0.3153192619861634,"val_loss":0.975031851438409,"_step":129,"train_acc":0.6444201312910285}