{"val_acc":0.6842105263157895,"train_loss":0.8293820569157151,"val_loss":0.8324818295433021,"_timestamp":1.7288246988402572e+09,"precision":0.3214891758687379,"_wandb":{"runtime":1},"_step":117,"train_acc":0.661925601750547,"f1-score":0.3369578201946382,"_runtime":1.467463839,"recall":0.3369578201946382,"epoch":117}