{"f1-score":0.5012660672660673,"_timestamp":1.7288252862998188e+09,"val_acc":0.3066666666666666,"epoch":39,"train_loss":4.925085364588367,"_runtime":1.072089164,"train_acc":0.35576785714285714,"val_loss":5.090373365520373,"recall":0.788985119047619,"_step":39,"precision":0.3992485119047619,"_wandb":{"runtime":1}}