{"_timestamp":1.7288257250638487e+09,"train_acc":0.3668467261904761,"val_loss":5.110572487497366,"precision":0.4185803571428572,"val_acc":0.35194047619047625,"epoch":452,"_wandb":{"runtime":2},"_step":452,"recall":0.7997083333333334,"f1-score":0.5148101343101343,"train_loss":4.911144865134689,"_runtime":2.319499267}