{"val_loss":5.168978787173416,"_wandb":{"runtime":9},"train_loss":4.81852932615977,"recall":0.8034107142857142,"_timestamp":1.7288255035842614e+09,"f1-score":0.5321133103008102,"_step":895,"epoch":895,"_runtime":9.547325129,"val_acc":0.3264642857142858,"precision":0.43175744047619047,"train_acc":0.38452529761904763}