{"epochs":100,"train_loss":0.75813321320288,"_runtime":6.874151807,"val_recall":0,"learning_rate":0.01,"train_precision":0.0021929824561403508,"optimizer":"sgd","hidden_layers":[64,32],"activation":"sigmoid","_wandb":{"runtime":6},"train_recall":0.006172839506172839,"_timestamp":1.7284308810120316e+09,"val_loss":1.0733892764351265,"batch_size":128,"_step":0,"val_precision":0}