{"val_acc":0.32926190476190476,"precision":0.4447916666666667,"_timestamp":1.7288260031377776e+09,"epoch":370,"_wandb":{"runtime":2},"_step":370,"val_loss":4.883277112783269,"recall":0.7992380952380952,"train_loss":4.792904249323416,"train_acc":0.39455803571428577,"f1-score":0.5407959124209124,"_runtime":2.963575821}