{"_step":0,"activation":"relu","_timestamp":1.7284317212027736e+09,"learning_rate":0.01,"hidden_layers":[128,64,32],"batch_size":64,"_wandb":{"runtime":1},"val_loss":1.2693530337251935,"train_recall":0.006172839506172839,"val_precision":0,"train_precision":0.001718213058419244,"epochs":100,"train_loss":0.6431778775892676,"_runtime":1.8343594859999999,"val_recall":0,"optimizer":"adam"}