{"f1-score":0.27524198427102237,"_timestamp":1.728824564553656e+09,"epoch":999,"val_acc":0.631578947368421,"train_loss":0.9548240702485854,"recall":0.27524198427102237,"train_acc":0.6061269146608315,"_runtime":6.768578707,"precision":0.3069312299427667,"val_loss":0.9996243446733907,"_step":999,"_wandb":{"runtime":6}}