{"epoch":99,"_timestamp":1.728822625439713e+09,"precision":0.8845194259743376,"val_acc":0.6666666666666666,"_runtime":6.383612039,"train_acc":0.7735229759299781,"_wandb":{"runtime":6},"f1-score":0.4801300816669669,"val_loss":1.4688078915337435,"train_loss":1.0919853645903708,"recall":0.4801300816669669,"_step":99}