{"f1-score":0.29282624251886546,"epoch":99,"_wandb":{"runtime":7},"_step":99,"val_loss":1.544307419464399,"_runtime":7.189338127,"train_acc":0.6269146608315098,"val_acc":0.631578947368421,"recall":0.29282624251886546,"precision":0.31609902585512345,"train_loss":1.6161425378323926,"_timestamp":1.7288231040297794e+09}