{"_runtime":0.909305255,"_step":15,"train_MSE_loss":106.0431645094508,"val_MSE_loss":102.84848342280388,"_wandb":{"runtime":0},"val_R2_Score":64.07670162367828,"_timestamp":1.7288271402196343e+09,"train_R2_Score":514.4917886330085,"val_RMSE_loss":10.141424131886206,"epoch":15,"train_RMSE_loss":10.297726181514578}