{"recall":0.7966491272843732,"val_acc":0.6491228070175439,"_runtime":9.594309666000001,"epoch":99,"train_loss":0.6267400105768354,"train_acc":0.8982494529540481,"precision":0.9477081244984058,"f1-score":0.7966491272843732,"_timestamp":1.728823595115054e+09,"_wandb":{"runtime":9},"_step":99,"val_loss":1.9594715836174892}