{"_timestamp":1.7288225905587327e+09,"train_acc":0.7921225382932167,"epoch":99,"_wandb":{"runtime":6},"val_acc":0.631578947368421,"train_loss":1.0188148043752554,"f1-score":0.4844929091855321,"_runtime":6.753433209,"val_loss":1.619819979278223,"precision":0.6601884335432426,"_step":99,"recall":0.4844929091855321}