{"_timestamp":1.7288248857292778e+09,"_step":31,"val_loss":1.0129947952132725,"recall":0.5746192735242868,"_wandb":{"runtime":2},"train_acc":0.7778993435448578,"_runtime":2.148235299,"val_acc":0.6140350877192983,"epoch":31,"train_loss":0.5435127923431499,"precision":0.8429280276309692,"f1-score":0.5746192735242868}