{"_runtime":1.365814579,"_wandb":{"runtime":1},"train_loss":5.026055766432731,"f1-score":0.4992317057942058,"_timestamp":1.7288262019117382e+09,"train_acc":0.3543125,"val_loss":5.013065966833095,"recall":0.8136845238095237,"_step":99,"val_acc":0.34160714285714283,"precision":0.39128273809523806,"epoch":99}