{"epoch":10,"train_loss":5.16457046422558,"_runtime":1.066222783,"recall":0.7500535714285713,"train_acc":0.31334077380952374,"val_loss":5.131662150294416,"precision":0.34291666666666665,"_timestamp":1.7288255906400888e+09,"_wandb":{"runtime":1},"f1-score":0.45329009879009874,"_step":10,"val_acc":0.32482142857142854}