{"train_recall":0,"learning_rate":0.1,"activation":"sigmoid","epochs":100,"train_loss":0.9033757508080899,"hidden_layers":[128,64,32],"batch_size":64,"_timestamp":1.728430680453527e+09,"train_precision":0,"optimizer":"adam","_wandb":{"runtime":1},"val_precision":0,"_runtime":1.9025979880000001,"val_loss":1.0335155418010509,"_step":0,"val_recall":0}