{"train_loss":2.1023892972535396,"train_acc":0.5328227571115973,"val_loss":2.137548894900926,"recall":0.3088707740347085,"epoch":999,"_timestamp":1.7288230568205047e+09,"precision":0.2970589389588207,"_runtime":7.758475175,"f1-score":0.3088707740347085,"val_acc":0.5087719298245614,"_wandb":{"runtime":7},"_step":999}