{"_runtime":2.388338841,"val_acc":0.3488690476190477,"_timestamp":1.7288252155071278e+09,"recall":0.9367083333333334,"train_acc":0.342108630952381,"precision":0.35026339285714286,"f1-score":0.49086072261072267,"val_loss":5.092349374822192,"_wandb":{"runtime":2},"epoch":499,"_step":499,"train_loss":5.080980197849429}