{"_runtime":1.519320561,"train_acc":0.587527352297593,"f1-score":0.2765168688324426,"_timestamp":1.728823599993678e+09,"val_acc":0.5789473684210527,"val_loss":1.6708637669409783,"train_loss":1.7430963716970402,"_wandb":{"runtime":1},"recall":0.2765168688324426,"_step":99,"epoch":99,"precision":0.28203151785177494}