{"recall":0.6339087115917083,"val_acc":0.6052631578947368,"train_acc":0.7067833698030634,"_wandb":{"runtime":1},"_timestamp":1.7288242689278145e+09,"_step":10,"f1-score":0.6339087115917083,"_runtime":1.420696177,"epoch":10,"train_loss":0.7343158092850707,"val_loss":1.177299002487804,"precision":0.769528394765774}