{"f1-score":0.16527952921395545,"val_acc":0.43859649122807015,"_timestamp":1.728823221258692e+09,"_runtime":3.833399881,"_step":499,"_wandb":{"runtime":3},"epoch":499,"train_acc":0.3982494529540481,"val_loss":1.9571678991711794,"precision":0.11884149998236145,"recall":0.16527952921395545,"train_loss":2.0573805035098105}