{"precision":0.2881674128972501,"recall":0.2866026391641146,"_wandb":{"runtime":3},"train_acc":0.6028446389496718,"_step":499,"val_acc":0.6228070175438597,"_runtime":3.362132024,"_timestamp":1.7288223219972165e+09,"f1-score":0.2866026391641146,"epoch":499,"val_loss":1.6470191437217765,"train_loss":1.6808827472425711}