{"train_loss":1.1736047504648732,"train_acc":0.6017505470459519,"_step":499,"epoch":499,"_wandb":{"runtime":7},"recall":0.30438714507516135,"precision":0.2999420225474675,"val_loss":1.1887302624688687,"val_acc":0.5877192982456141,"f1-score":0.30438714507516135,"_runtime":7.359943149,"_timestamp":1.7288249887563267e+09}