{"val_acc":0.5526315789473685,"_timestamp":1.7288244869243186e+09,"recall":0.33377768002746544,"_runtime":2.145012579,"epoch":185,"f1-score":0.33377768002746544,"val_loss":0.9728633169374724,"_wandb":{"runtime":2},"_step":185,"train_loss":0.7933643357093166,"train_acc":0.6772428884026258,"precision":0.3292290272724847}