{"f1-score":0.3046753985226003,"val_loss":0.816186704883135,"_runtime":1.38027888,"precision":0.30677842658321247,"_wandb":{"runtime":1},"train_loss":0.8700576717100752,"val_acc":0.631578947368421,"_step":99,"recall":0.3046753985226003,"train_acc":0.6269146608315098,"_timestamp":1.7288248193409028e+09,"epoch":99}