{"train_loss":0.8576005442248396,"val_acc":0.5964912280701754,"_timestamp":1.7288250276659858e+09,"train_acc":0.6597374179431073,"_step":571,"epoch":571,"recall":0.3237522483318828,"precision":0.3225351467359315,"_runtime":2.2046734470000002,"f1-score":0.3237522483318828,"_wandb":{"runtime":2},"val_loss":0.9436780283950186}