{"train_R2_Score":1.0070606144808056e+06,"_wandb":{"runtime":0},"_timestamp":1.728827523054644e+09,"train_RMSE_loss":466.0154871961487,"train_MSE_loss":217170.4343066638,"_step":11,"val_MSE_loss":190150.58693122707,"val_RMSE_loss":436.0625951984727,"_runtime":0.527872984,"epoch":11,"val_R2_Score":103123.59954149328}