{"_step":499,"train_loss":0.10139463740341267,"_wandb":{"runtime":30},"_timestamp":1.7288227692677147e+09,"_runtime":30.806940464,"f1-score":0.9867241137732942,"epoch":499,"val_acc":0.543859649122807,"precision":0.9980988162868072,"recall":0.9867241137732942,"val_loss":3.5487122174138737,"train_acc":0.9978118161925602}