{"val_loss":5.422863425063041,"_runtime":1.125832387,"epoch":31,"_timestamp":1.728826207033449e+09,"val_acc":0.35175000000000006,"_wandb":{"runtime":1},"train_acc":0.33156994047619043,"f1-score":0.475559065934066,"train_loss":5.0817795859730195,"recall":0.7944047619047621,"precision":0.3737857142857143,"_step":31}