{"_step":999,"val_acc":0.4649122807017544,"_runtime":7.296904565,"precision":0.13727960375784007,"_timestamp":1.7288233730308588e+09,"epoch":999,"f1-score":0.1682079305030125,"_wandb":{"runtime":7},"val_loss":1.9367279172228824,"train_loss":2.0308679852634723,"recall":0.1682079305030125,"train_acc":0.4223194748358862}