{"precision":0.3814136904761905,"train_acc":0.3575074404761905,"_timestamp":1.728825822861004e+09,"_runtime":1.267459913,"_wandb":{"runtime":1},"f1-score":0.5082099012099012,"val_acc":0.3200238095238095,"epoch":67,"val_loss":5.069225394467234,"_step":67,"recall":0.9277500000000001,"train_loss":5.034867855824762}