{"val_RMSE_loss":9.426744254116322,"_wandb":{"runtime":0},"val_R2_Score":64.45609359244031,"_timestamp":1.7288274257218711e+09,"train_MSE_loss":104.32478214448012,"_step":11,"train_RMSE_loss":10.213950369199965,"train_R2_Score":479.4157403544265,"val_MSE_loss":88.86350723251509,"_runtime":0.531050439,"epoch":11}