{"_wandb":{"runtime":1},"recall":0.7637142857142857,"epoch":99,"precision":0.3931235119047619,"train_acc":0.3479508928571428,"val_loss":5.22024559320926,"_runtime":1.254265321,"f1-score":0.4915956335331335,"_timestamp":1.7288259734437382e+09,"val_acc":0.3308452380952381,"train_loss":4.9520869428713725,"_step":99}