{"_step":19,"val_MSE_loss":189.43529912299223,"train_R2_Score":693.5492399465619,"train_RMSE_loss":11.678434346682566,"val_RMSE_loss":13.763549655629983,"_wandb":{"runtime":1},"train_MSE_loss":136.38582878977508,"_timestamp":1.7288269029271674e+09,"val_R2_Score":79.54047170475359,"epoch":19,"_runtime":1.053321107}