{"val_acc":0.5877192982456141,"recall":0.22620148521787864,"precision":0.18614556114556113,"f1-score":0.22620148521787864,"val_loss":1.6537436879025351,"_runtime":10.234341939,"train_loss":1.780343043325561,"epoch":999,"_wandb":{"runtime":10},"_timestamp":1.7288234577470021e+09,"train_acc":0.5645514223194749,"_step":999}