{"_wandb":{"runtime":2},"val_loss":1.3998148551885867,"val_acc":0.5350877192982456,"f1-score":0.8564970011405707,"epoch":16,"_timestamp":1.7288241726268375e+09,"train_acc":0.7549234135667396,"_step":16,"train_loss":0.6314988867700551,"precision":0.6399549802242541,"recall":0.8564970011405707,"_runtime":2.110321999}