{"_step":0,"train_recall":0,"activation":"relu","_timestamp":1.7284313628558347e+09,"val_recall":0.16666666666666666,"train_precision":0,"_runtime":10.613687008,"val_loss":2.233220358256378,"optimizer":"sgd","learning_rate":0.001,"epochs":100,"_wandb":{"runtime":10},"batch_size":32,"val_precision":0.003875968992248062,"train_loss":0.17984388170176702,"hidden_layers":[128,64,32]}