{"_step":19,"train_loss":4.929757810824639,"_wandb":{"runtime":1},"val_loss":4.942832179970782,"_runtime":1.548786691,"val_acc":0.3363452380952381,"precision":0.4356547619047619,"recall":0.7331577380952381,"f1-score":0.5083920940170941,"train_acc":0.365139880952381,"_timestamp":1.7288261733581605e+09,"epoch":19}