{"f1-score":0.49630157342657344,"val_loss":5.1540542188078815,"train_loss":5.0277715494869275,"epoch":74,"val_acc":0.3741190476190476,"precision":0.3851994047619048,"_timestamp":1.728825929168289e+09,"recall":0.8407261904761905,"_runtime":1.381936649,"train_acc":0.34919940476190475,"_wandb":{"runtime":1},"_step":74}