{"_runtime":3.401016166,"recall":0.8025714285714287,"val_acc":0.33258333333333334,"precision":0.4047752976190476,"_timestamp":1.7288258310864549e+09,"train_loss":4.959709551744205,"_wandb":{"runtime":3},"val_loss":5.164333232822523,"epoch":241,"_step":241,"train_acc":0.3632916666666667,"f1-score":0.5102331904206904}