{"epoch":10,"val_acc":0.6491228070175439,"f1-score":0.5594958962606023,"recall":0.5594958962606023,"train_loss":0.7213804546118847,"train_acc":0.7177242888402626,"precision":0.7953678397881845,"_timestamp":1.7288246147032454e+09,"val_loss":1.3219584433167983,"_step":10,"_runtime":1.656211248,"_wandb":{"runtime":1}}