{"train_recall":0.006172839506172839,"train_precision":0.0012437810945273632,"_runtime":2.729284176,"epochs":50,"val_loss":1.2282545783533423,"val_precision":0,"val_recall":0,"_step":0,"batch_size":32,"train_loss":0.933082286913999,"_timestamp":1.7284311004653392e+09,"learning_rate":0.1,"optimizer":"sgd","_wandb":{"runtime":2},"activation":"relu","hidden_layers":[64,32]}