{"val_recall":0,"_wandb":{"runtime":10},"train_loss":0.007445168850512028,"learning_rate":0.01,"_timestamp":1.7284323972283795e+09,"train_precision":0,"_runtime":10.368643918,"batch_size":32,"val_precision":0,"epochs":100,"train_recall":0,"val_loss":3.0929229978243957,"_step":0,"hidden_layers":[128,64,32],"optimizer":"sgd","activation":"tanh"}