{"val_precision":0.16666666666666666,"hidden_layers":[128,64,32],"train_recall":0.006172839506172839,"optimizer":"sgd","learning_rate":0.1,"batch_size":64,"_wandb":{"runtime":2},"train_precision":0.0012254901960784314,"epochs":100,"val_recall":0.004273504273504273,"activation":"tanh","_timestamp":1.7284327516129525e+09,"_runtime":2.244492,"_step":0,"train_loss":1.4650119102992225,"val_loss":1.8095685455873864}