{"f1-score":0.26806268640285036,"train_acc":0.350109409190372,"_wandb":{"runtime":3},"val_loss":2.5313988641836875,"epoch":499,"_timestamp":1.7288226863631957e+09,"_runtime":3.816276994,"_step":499,"recall":0.26806268640285036,"precision":0.2135961053788508,"train_loss":2.4712611900951216,"val_acc":0.3333333333333333}