{"val_R2_Score":3.2852013109608597e+10,"val_RMSE_loss":256092.08200259387,"train_R2_Score":3.047168835469405e+11,"_timestamp":1.7288273760382369e+09,"_step":11,"val_MSE_loss":6.558315446442326e+10,"train_RMSE_loss":256090.63651212942,"_wandb":{"runtime":0},"train_MSE_loss":6.558241410918759e+10,"epoch":11,"_runtime":0.515056819}