{"_timestamp":1.7288243963636277e+09,"_wandb":{"runtime":2},"precision":0.3054760276203505,"_runtime":2.049559557,"f1-score":0.3044297848589372,"val_loss":0.8720049342170697,"train_loss":0.8998493037891713,"train_acc":0.6334792122538293,"val_acc":0.6666666666666666,"recall":0.3044297848589372,"epoch":99,"_step":99}