{"precision":0.2049776602997341,"_runtime":4.403951317,"val_acc":0.2631578947368421,"_timestamp":1.7288227854319665e+09,"recall":0.21158324826357613,"_wandb":{"runtime":4},"_step":499,"train_loss":2.557702651834776,"epoch":499,"val_loss":2.6468664405452604,"train_acc":0.3238512035010941,"f1-score":0.21158324826357613}