{"val_MSE_loss":115.9410492326543,"train_R2_Score":572.3374078295849,"train_RMSE_loss":11.18224247736919,"val_R2_Score":72.20359827532879,"_step":13,"_wandb":{"runtime":0},"train_MSE_loss":125.04254682267982,"_timestamp":1.7288276723966992e+09,"val_RMSE_loss":10.767592545813306,"_runtime":0.598080843,"epoch":13}