{"val_acc":0.34459523809523807,"recall":0.9020297619047619,"epoch":999,"train_loss":5.081837615802239,"f1-score":0.4989045884670885,"_step":999,"train_acc":0.34952529761904755,"val_loss":5.036867243290103,"_runtime":10.052313789,"_wandb":{"runtime":10},"_timestamp":1.728825810057861e+09,"precision":0.3664136904761905}