{"epoch":499,"_runtime":34.521980515,"val_loss":1.505761816374267,"precision":0.30014212907023574,"train_loss":1.5189595571283585,"f1-score":0.2983360105286335,"_timestamp":1.72882314999281e+09,"recall":0.2983360105286335,"val_acc":0.5964912280701754,"train_acc":0.62472647702407,"_step":499,"_wandb":{"runtime":34}}