{"val_R2_Score":50.48930193708993,"val_loss":117.8017402582221,"_wandb":{"runtime":1},"_runtime":1.285798481,"_timestamp":1.7287288590575595e+09,"_step":204,"epoch":204,"train_R2_Score":404.0534343066388,"train_loss":76.20131460934562}