{"train_loss":0.7126457422255907,"_wandb":{"runtime":1},"val_acc":0.5789473684210527,"_timestamp":1.728824908934881e+09,"_step":11,"epoch":11,"precision":0.5456196010330395,"f1-score":0.3826402038456715,"val_loss":1.2489292287378058,"recall":0.3826402038456715,"train_acc":0.7089715536105032,"_runtime":1.562322302}