{"_runtime":1.039547089,"recall":0.8474761904761905,"f1-score":0.5025201534576534,"val_acc":0.33151190476190473,"train_acc":0.3568988095238095,"val_loss":5.007614666473093,"train_loss":5.027512455441303,"precision":0.38846875,"epoch":92,"_step":92,"_wandb":{"runtime":1},"_timestamp":1.7288259802884653e+09}