{"hidden_layers":[128,64,32],"_runtime":5.488777335,"val_loss":2.3555604452817276,"train_recall":0,"train_precision":0,"val_recall":0,"train_loss":0.031000591336430555,"batch_size":128,"_step":0,"val_precision":0,"_timestamp":1.7284328888009963e+09,"activation":"tanh","epochs":50,"learning_rate":0.01,"_wandb":{"runtime":5},"optimizer":"sgd"}