{"_timestamp":1.7288249309786768e+09,"val_loss":1.2335559230305204,"_step":14,"f1-score":0.339706775203174,"epoch":14,"_wandb":{"runtime":1},"recall":0.339706775203174,"train_loss":0.8698641699783997,"_runtime":1.345199751,"train_acc":0.6597374179431073,"val_acc":0.4649122807017544,"precision":0.47239325140815497}