{"epochs":100,"val_precision":0,"batch_size":128,"learning_rate":0.001,"activation":"sigmoid","_runtime":11.581395176000001,"optimizer":"sgd","_wandb":{"runtime":11},"val_loss":1.0264996965785775,"train_recall":0,"val_recall":0,"_step":0,"train_loss":0.9188103338026851,"train_precision":0,"_timestamp":1.7284309414186568e+09,"hidden_layers":[128,64,32]}