{"optimizer":"adam","val_loss":1.0875918592683218,"batch_size":128,"val_precision":0.010416666666666666,"train_loss":0.993842177750945,"learning_rate":0.01,"epochs":50,"_timestamp":1.728432805625484e+09,"hidden_layers":[64,32],"_step":0,"activation":"tanh","val_recall":0.05555555555555555,"_wandb":{"runtime":0},"_runtime":0.932595504,"train_precision":0.0019157088122605363,"train_recall":0.006172839506172839}