{"optimizer":"adam","train_loss":1.500295224184431,"activation":"tanh","_step":0,"val_precision":0.023809523809523808,"hidden_layers":[128,64,32],"_timestamp":1.728432867268933e+09,"batch_size":128,"_runtime":1.199625122,"_wandb":{"runtime":1},"learning_rate":0.001,"val_loss":1.4783256693071707,"train_precision":0.07192499344348283,"epochs":50,"val_recall":0.004273504273504273,"train_recall":0.017803277668936777}