{"_step":52,"_wandb":{"runtime":1},"_timestamp":1.7288253429820473e+09,"val_acc":0.33680952380952384,"precision":0.45498065476190475,"val_loss":4.90729510110566,"_runtime":1.093025678,"train_loss":4.638529936328394,"train_acc":0.4070520833333333,"epoch":52,"recall":0.8106994047619048,"f1-score":0.5510270701520701}