{"_runtime":0.537847003,"train_MSE_loss":3.971308081382756e+18,"epoch":12,"val_R2_Score":1.661611545064526e+18,"_timestamp":1.7288282190978358e+09,"val_RMSE_loss":1.9928141126298633e+09,"_step":12,"_wandb":{"runtime":0},"train_R2_Score":1.9782389713514803e+19,"val_MSE_loss":3.971308087496749e+18,"train_RMSE_loss":1.9928141110958533e+09}