{"train_acc":0.7035010940919038,"_step":295,"recall":0.3710973937605493,"precision":0.6778730207230703,"epoch":295,"train_loss":0.7758023072078039,"_wandb":{"runtime":1},"_runtime":1.8910471100000001,"f1-score":0.3710973937605493,"val_loss":0.997484176059573,"_timestamp":1.72882414903183e+09,"val_acc":0.5701754385964912}