{"_timestamp":1.7288226164199984e+09,"_runtime":1.1290716299999999,"val_acc":0.19298245614035087,"_wandb":{"runtime":1},"epoch":99,"train_loss":2.842278694073121,"recall":0.21710415040333073,"_step":99,"precision":0.19746730094508524,"train_acc":0.1838074398249453,"val_loss":2.7129483925551487,"f1-score":0.21710415040333073}