{"_runtime":1.074083626,"train_acc":0.3295818452380952,"val_acc":0.3245357142857142,"val_loss":5.235970212431883,"f1-score":0.4700995879120879,"_timestamp":1.7288253809755893e+09,"epoch":84,"recall":0.7252440476190476,"_step":84,"train_loss":5.096403241789879,"precision":0.3833110119047619,"_wandb":{"runtime":1}}