{"epoch":59,"train_loss":0.8533857559202118,"_runtime":1.122051173,"_step":59,"train_acc":0,"val_acc":0,"_wandb":{"runtime":1},"_timestamp":1.7287243020178454e+09,"val_loss":1.0787239702434497}