{"_timestamp":1.7288277499732306e+09,"train_RMSE_loss":12.437916439866807,"_step":19,"train_MSE_loss":154.701765365109,"train_R2_Score":794.9917727823259,"epoch":19,"val_R2_Score":91.70083152381963,"_runtime":0.562784254,"val_RMSE_loss":12.981078214639638,"val_MSE_loss":168.5083916145918,"_wandb":{"runtime":1}}