{"val_MSE_loss":106.62320190817104,"_wandb":{"runtime":0},"_step":11,"train_MSE_loss":81.1851923230269,"epoch":11,"_runtime":0.984441867,"_timestamp":1.7288280365536425e+09,"train_RMSE_loss":9.010282588411249,"val_R2_Score":51.287587597151536,"train_R2_Score":404.13961912511814,"val_RMSE_loss":10.32585114691138}