{"train_RMSE_loss":11.352118360678492,"_runtime":1.264798295,"val_MSE_loss":163.278178749753,"val_RMSE_loss":12.77803501129,"_step":15,"_wandb":{"runtime":1},"val_R2_Score":84.58054355486223,"_timestamp":1.7288276233798892e+09,"train_R2_Score":645.2390461175426,"train_MSE_loss":128.87059127485375,"epoch":15}