{"recall":0.2896287455713686,"precision":0.3104275744465088,"train_loss":1.6180002791318988,"val_acc":0.6140350877192983,"f1-score":0.2896287455713686,"val_loss":1.5549001957927617,"train_acc":0.6214442013129103,"_step":99,"epoch":99,"_wandb":{"runtime":7},"_runtime":7.30917783,"_timestamp":1.7288230859197786e+09}