{"train_loss":5.145220452455538,"_timestamp":1.7288256563790226e+09,"_wandb":{"runtime":2},"val_loss":5.211583497367509,"_runtime":2.449824035,"_step":21,"train_acc":0.34048809523809526,"epoch":21,"val_acc":0.34226190476190477,"f1-score":0.49035015678765675,"precision":0.34386607142857145,"recall":0.968842261904762}