{"_timestamp":1.728432416152682e+09,"train_loss":1.5631203555009332,"activation":"tanh","val_loss":1.6404987988151087,"_wandb":{"runtime":1},"batch_size":32,"learning_rate":0.1,"_runtime":1.6630082609999999,"train_precision":0.00211864406779661,"epochs":100,"train_recall":0.018518518518518517,"hidden_layers":[128,64,32],"optimizer":"sgd","val_recall":0,"_step":0,"val_precision":0}