{"_step":270,"epoch":270,"_timestamp":1.7288243291631444e+09,"train_acc":0.6652078774617067,"precision":0.3855016561732363,"f1-score":0.3340270906291248,"recall":0.3340270906291248,"_wandb":{"runtime":1},"val_loss":1.094043776794457,"val_acc":0.5614035087719298,"train_loss":0.8013177363835614,"_runtime":1.571708106}