{"val_loss":1.6667563765229296,"precision":0.9011440533797067,"val_acc":0.631578947368421,"_runtime":7.080294284,"epoch":99,"train_loss":0.9329755691602697,"train_acc":0.812910284463895,"recall":0.5998930372905783,"_step":99,"_wandb":{"runtime":7},"_timestamp":1.7288221771782892e+09,"f1-score":0.5998930372905783}