{"recall":0.8307708333333332,"val_acc":0.3293809523809524,"_timestamp":1.7288253347885396e+09,"train_loss":4.893768710031142,"_wandb":{"runtime":1},"precision":0.4259017857142857,"f1-score":0.5222697788322788,"_runtime":1.120019014,"epoch":21,"val_loss":5.041664269138012,"_step":21,"train_acc":0.37489285714285714}