{"precision":0.3254704991766955,"_wandb":{"runtime":1},"f1-score":0.301158705372986,"epoch":47,"val_acc":0.6491228070175439,"train_acc":0.6455142231947484,"recall":0.301158705372986,"_timestamp":1.7288245410658154e+09,"train_loss":0.8457063365908717,"_runtime":1.135436044,"_step":47,"val_loss":1.015502478193125}