{"precision":0.20270990654247747,"_step":99,"val_acc":0.4824561403508772,"f1-score":0.19896577693708842,"epoch":99,"val_loss":2.178143847816276,"train_acc":0.39606126914660833,"recall":0.19896577693708842,"_runtime":1.174652666,"_wandb":{"runtime":1},"train_loss":2.277545544887691,"_timestamp":1.7288236050479472e+09}