{"val_loss":1.0887317916171988,"recall":0.2274553123117092,"val_acc":0.5087719298245614,"f1-score":0.2274553123117092,"_step":499,"train_acc":0.5678336980306345,"_timestamp":1.7288243803491173e+09,"train_loss":1.036911781845488,"precision":0.1889846812111343,"_runtime":2.935919583,"_wandb":{"runtime":2},"epoch":499}