{"val_acc":0.5877192982456141,"f1-score":0.3009084661043424,"_timestamp":1.728825042807153e+09,"precision":0.3071093732135099,"recall":0.3009084661043424,"_runtime":1.101201805,"train_acc":0.6466083150984683,"train_loss":0.9629290224165039,"_wandb":{"runtime":1},"val_loss":1.0840977515814358,"_step":48,"epoch":48}