{"train_acc":0.2918541666666667,"recall":0.46717261904761903,"val_loss":5.886867348538488,"precision":0.4004375,"_timestamp":1.7288261198839567e+09,"_runtime":1.661602727,"_step":12,"train_loss":5.562478561057742,"val_acc":0.2468095238095238,"epoch":12,"_wandb":{"runtime":1},"f1-score":0.40810001803751805}