{"epoch":99,"train_loss":0.9399422165104218,"val_acc":0.6228070175438597,"f1-score":0.2936771910301474,"_step":99,"val_loss":0.9513300612679634,"train_acc":0.62472647702407,"recall":0.2936771910301474,"_wandb":{"runtime":1},"_timestamp":1.7288244514941502e+09,"_runtime":1.0668383,"precision":0.30459576810176126}