{"val_precision":0.05555555555555555,"train_precision":0.001572327044025157,"learning_rate":0.01,"_timestamp":1.7284315394940956e+09,"train_recall":0.006172839506172839,"hidden_layers":[128,64,32],"_wandb":{"runtime":4},"epochs":50,"val_recall":0.004273504273504273,"optimizer":"sgd","train_loss":0.4337097587154028,"_step":0,"batch_size":64,"_runtime":4.130478565,"activation":"relu","val_loss":3.276895420337235}