{"_runtime":0.730016361,"val_acc":0.23188095238095235,"precision":0.32781845238095236,"train_acc":0.1917142857142857,"val_loss":5.64754734709971,"epoch":1,"f1-score":0.2784606782106782,"_step":1,"recall":0.27336011904761903,"_timestamp":1.728826219018043e+09,"_wandb":{"runtime":0},"train_loss":5.5975813888889006}