{"_runtime":1.2922658839999999,"activation":"relu","val_loss":2.484070903452421,"hidden_layers":[128,64,32],"val_recall":0.004273504273504273,"_step":0,"train_precision":0,"val_precision":0.08333333333333333,"_wandb":{"runtime":1},"optimizer":"adam","batch_size":32,"train_loss":0.2677132603314359,"learning_rate":0.1,"epochs":100,"_timestamp":1.728431425862763e+09,"train_recall":0}