{"_timestamp":1.7287289001348715e+09,"_runtime":4.284812779,"epoch":999,"val_R2_Score":50.78700555768538,"train_R2_Score":404.01703656619884,"_step":999,"train_loss":88.09007008116124,"val_loss":78.89021448289459,"_wandb":{"runtime":4}}