{"train_loss":5.564609668940452,"epoch":11,"recall":0.4679702380952381,"_timestamp":1.7288257615564716e+09,"val_acc":0.3021190476190476,"val_loss":5.411799733378748,"f1-score":0.4053409992784992,"train_acc":0.2833809523809524,"_step":11,"_wandb":{"runtime":1},"precision":0.39912499999999995,"_runtime":1.08777114}