{"epoch":11,"train_RMSE_loss":11.511868430184562,"_runtime":0.568185642,"val_RMSE_loss":12.908474909484571,"_step":11,"val_R2_Score":82.25237225535348,"train_R2_Score":646.7362215507491,"_wandb":{"runtime":0},"_timestamp":1.7288280418661304e+09,"train_MSE_loss":132.52311475387998,"val_MSE_loss":166.62872448879273}