{"val_R2_Score":4.2936039473699644e+07,"val_RMSE_loss":7735.657115576742,"_timestamp":1.7288267069674883e+09,"epoch":12,"train_RMSE_loss":7834.35670377852,"val_MSE_loss":5.984039100977308e+07,"_wandb":{"runtime":0},"train_MSE_loss":6.137714496203943e+07,"train_R2_Score":2.817008761461656e+08,"_runtime":0.521282423,"_step":12}