{"precision":0.37036904761904765,"_runtime":2.371445,"epoch":499,"_timestamp":1.7288253208434916e+09,"recall":0.7973779761904761,"_step":499,"train_acc":0.3381235119047619,"train_loss":5.086228830448084,"val_loss":5.159608857546439,"val_acc":0.31290476190476185,"_wandb":{"runtime":2},"f1-score":0.48273989205239204}