{"precision":0.43236160714285715,"train_acc":0.3792098214285714,"_timestamp":1.7288256217402918e+09,"_step":239,"epoch":239,"train_loss":4.843455438283156,"recall":0.7983630952380952,"_runtime":4.482976934,"_wandb":{"runtime":4},"f1-score":0.5266575091575091,"val_acc":0.3481071428571429,"val_loss":5.042915860644714}