{"val_R2_Score":1.7609083752476705e+94,"_step":10,"_wandb":{"runtime":0},"train_MSE_loss":2.45141492603291e+94,"_timestamp":1.7288278079078317e+09,"_runtime":0.492564712,"train_RMSE_loss":1.5656995005533182e+47,"train_R2_Score":1.2266555477468017e+95,"epoch":10,"val_MSE_loss":2.45141492603291e+94,"val_RMSE_loss":1.5656995005533182e+47}