{"_runtime":4.530888979,"val_loss":1.290612589039368,"train_acc":0,"train_loss":0.3921113025262267,"learning_rate":0.01,"_step":999,"epoch":999,"val_acc":0,"_wandb":{"runtime":5},"_timestamp":1.728723115700549e+09}