{"train_loss":4.965594167307932,"val_loss":5.2145216018104135,"_step":12,"precision":0.4275372023809524,"train_acc":0.34670684523809525,"_wandb":{"runtime":0},"_timestamp":1.7288258392930212e+09,"epoch":12,"val_acc":0.354202380952381,"recall":0.6783571428571429,"_runtime":0.645680855,"f1-score":0.4866948815073815}