{"_runtime":2.917559577,"_timestamp":1.7288251351297731e+09,"val_acc":0.6403508771929824,"train_acc":0.6553610503282276,"f1-score":0.31998953427524857,"_step":499,"epoch":499,"_wandb":{"runtime":2},"train_loss":0.8780538766240042,"val_loss":0.8686259042668879,"recall":0.31998953427524857,"precision":0.31896162891356794}