{"hidden_layers":[64,32],"learning_rate":0.001,"_runtime":0.963628539,"epochs":50,"batch_size":32,"_wandb":{"runtime":0},"train_recall":0.05555555555555555,"activation":"relu","train_precision":0.000429553264604811,"_timestamp":1.7284310649168692e+09,"val_precision":0,"_step":0,"val_loss":1.2915067439643189,"train_loss":1.0830540173231742,"val_recall":0,"optimizer":"adam"}