{"_runtime":5.77329302,"val_precision":0,"_wandb":{"runtime":5},"val_recall":0,"_timestamp":1.728431130234043e+09,"train_recall":0.006172839506172839,"learning_rate":0.001,"val_loss":1.532907137655839,"train_precision":0.0016666666666666668,"batch_size":32,"activation":"relu","train_loss":0.39217861876208604,"optimizer":"sgd","hidden_layers":[128,64,32],"_step":0,"epochs":50}