{"val_acc":0.3496785714285714,"epoch":211,"precision":0.45329166666666665,"_step":211,"train_acc":0.38908482142857137,"_runtime":3.934132552,"f1-score":0.5332797619047619,"_wandb":{"runtime":3},"recall":0.7555089285714286,"_timestamp":1.7288252723997557e+09,"val_loss":5.07900769127639,"train_loss":4.743067290207777}