{"train_acc":0.6936542669584245,"_step":182,"epoch":182,"f1-score":0.351803103764236,"val_acc":0.6578947368421053,"precision":0.5065905698143016,"train_loss":0.7570069585848122,"recall":0.351803103764236,"_runtime":10.940252366,"val_loss":0.8736167580148523,"_timestamp":1.728825086670088e+09,"_wandb":{"runtime":10}}