{"_step":487,"val_loss":0.9186970013831155,"_runtime":2.348375334,"val_acc":0.6228070175438597,"f1-score":0.2987914709450168,"_timestamp":1.7288249161572633e+09,"precision":0.31606059109967655,"epoch":487,"_wandb":{"runtime":2},"recall":0.2987914709450168,"train_loss":0.8690177025791055,"train_acc":0.6455142231947484}