{"_step":0,"val_precision":0,"_timestamp":1.7284318939706352e+09,"learning_rate":0.1,"_wandb":{"runtime":0},"train_loss":0.47053759795614053,"train_recall":0.012345679012345678,"optimizer":"adam","batch_size":128,"hidden_layers":[128,64,32],"_runtime":0.883617915,"val_recall":0,"activation":"relu","epochs":50,"val_loss":1.4311403445353266,"train_precision":0.002849002849002849}