{"val_loss":2.6810462043325285,"f1-score":0.22569131687984148,"train_acc":0.3227571115973742,"_step":99,"epoch":99,"val_acc":0.32456140350877194,"recall":0.22569131687984148,"_timestamp":1.7288226343068724e+09,"precision":0.25463399987896457,"_wandb":{"runtime":1},"_runtime":1.190211924,"train_loss":2.609377904466073}