{"f1-score":0.3265220130271478,"epoch":111,"val_acc":0.631578947368421,"precision":0.3324871663581341,"_runtime":1.315154891,"val_loss":0.8728241504072941,"train_acc":0.661925601750547,"train_loss":0.8395828492216327,"_wandb":{"runtime":1},"_step":111,"recall":0.3265220130271478,"_timestamp":1.7288251221447375e+09}