{"val_recall":0,"_timestamp":1.7284320793686154e+09,"_wandb":{"runtime":1},"_step":0,"_runtime":1.9854544459999999,"val_loss":1.0626052400043486,"activation":"relu","val_precision":0,"epochs":100,"train_loss":1.041112022757135,"hidden_layers":[128,64,32],"optimizer":"sgd","train_precision":0,"train_recall":0,"batch_size":128,"learning_rate":0.1}