{"_runtime":0.995959931,"_wandb":{"runtime":0},"val_MSE_loss":733497.0481954043,"epoch":11,"train_RMSE_loss":839.9578651098643,"val_RMSE_loss":856.4444221287242,"val_R2_Score":557387.0103936904,"_step":11,"_timestamp":1.7288265000763628e+09,"train_MSE_loss":705529.2151599211,"train_R2_Score":3.2803867769244877e+06}