{"epoch":99,"val_loss":4.99871934052269,"recall":0.8564047619047619,"precision":0.3807455357142857,"_timestamp":1.7288260548348188e+09,"val_acc":0.335452380952381,"_wandb":{"runtime":1},"train_acc":0.3502827380952381,"_runtime":1.021443652,"_step":99,"train_loss":5.041966866642786,"f1-score":0.4994911824286825}