{"precision":0.7693836422021535,"_wandb":{"runtime":6},"_step":99,"train_acc":0.8085339168490153,"val_acc":0.6578947368421053,"train_loss":0.9406119825317234,"f1-score":0.5694136692087511,"_timestamp":1.728822140605828e+09,"_runtime":6.634232628,"recall":0.5694136692087511,"val_loss":1.5324795930251234,"epoch":99}