{"_step":10,"_runtime":0.531528624,"epoch":10,"train_MSE_loss":2.26449659319552e+18,"val_R2_Score":1.443293669639764e+18,"train_R2_Score":1.0613850464786985e+19,"val_MSE_loss":2.0880811907925466e+18,"_wandb":{"runtime":0},"val_RMSE_loss":1.445019443050005e+09,"train_RMSE_loss":1.5048244393269002e+09,"_timestamp":1.7288277559578247e+09}