{"train_loss":0.906897425965226,"_timestamp":1.7288245356806324e+09,"val_acc":0.5614035087719298,"_wandb":{"runtime":1},"_runtime":1.108064561,"recall":0.2978411225896416,"val_loss":0.9712129030670177,"_step":99,"train_acc":0.6214442013129103,"f1-score":0.2978411225896416,"epoch":99,"precision":0.3004360245802527}