{"recall":0.16666666666666666,"_timestamp":1.7288231687656014e+09,"_step":499,"val_acc":0.41228070175438597,"train_acc":0.42669584245076586,"_wandb":{"runtime":4},"val_loss":2.186664051399518,"train_loss":2.2186609615237796,"_runtime":4.795494645,"epoch":499,"precision":0.0711159737417943,"f1-score":0.16666666666666666}