{"precision":0.3080866842725929,"train_acc":0.6148796498905909,"val_acc":0.543859649122807,"recall":0.2761836780782774,"_wandb":{"runtime":3},"_runtime":3.380588878,"_step":499,"f1-score":0.2761836780782774,"epoch":499,"train_loss":0.9464845564918222,"_timestamp":1.728824413366765e+09,"val_loss":1.0078642899508679}