{"train_loss":4.986377503202554,"epoch":79,"_wandb":{"runtime":1},"_timestamp":1.7288258562963395e+09,"val_loss":5.053562185976728,"train_acc":0.35490029761904757,"_runtime":1.233885584,"_step":79,"val_acc":0.3321071428571428,"f1-score":0.5036791541791542,"recall":0.8172648809523809,"precision":0.3904479166666667}