{"val_acc":0.6754385964912281,"recall":0.9995726495726496,"train_loss":0.02380438621640505,"_step":999,"_runtime":61.650378014,"_timestamp":1.7288224794254196e+09,"train_acc":0.9989059080962801,"precision":0.9995458673932788,"val_loss":5.821242182923713,"_wandb":{"runtime":61},"f1-score":0.9995726495726496,"epoch":999}