{"_wandb":{"runtime":1},"val_acc":0.631578947368421,"recall":0.2354002624671916,"precision":0.19454457141396322,"_step":99,"train_acc":0.5853391684901532,"f1-score":0.2354002624671916,"_runtime":1.102315262,"epoch":99,"train_loss":1.0458368571753616,"val_loss":1.0451069892405112,"_timestamp":1.7288241548631501e+09}