{"batch_size":64,"_wandb":{"runtime":5},"activation":"relu","optimizer":"sgd","val_precision":0,"val_recall":0,"epochs":50,"train_loss":0.4405303881141723,"train_precision":0.0016339869281045752,"_step":0,"_runtime":5.639765672,"train_recall":0.006172839506172839,"_timestamp":1.7284315138673751e+09,"val_loss":1.600395764134948,"hidden_layers":[128,64,32],"learning_rate":0.001}