{"val_RMSE_loss":9.129322600799744,"_wandb":{"runtime":0},"val_MSE_loss":83.34453114947301,"train_R2_Score":637.9775771062308,"epoch":10,"train_RMSE_loss":11.629074505738041,"_step":10,"val_R2_Score":82.1160746723743,"train_MSE_loss":135.23537386000646,"_timestamp":1.7288267402275507e+09,"_runtime":0.575609236}