{"val_precision":0,"val_loss":1.2829925945214098,"_runtime":0.979022426,"_timestamp":1.7284319931548252e+09,"learning_rate":0.1,"train_loss":0.5448197156735469,"_step":0,"hidden_layers":[64,32],"epochs":100,"batch_size":128,"val_recall":0,"train_precision":0.001572327044025157,"_wandb":{"runtime":0},"train_recall":0.006172839506172839,"activation":"relu","optimizer":"adam"}