{"f1-score":0.3097876424384311,"train_loss":0.8678508146038494,"_step":81,"_runtime":1.205304462,"val_acc":0.6140350877192983,"recall":0.3097876424384311,"epoch":81,"train_acc":0.6345733041575492,"val_loss":0.9756961460546841,"precision":0.3210481614708234,"_timestamp":1.7288248639522176e+09,"_wandb":{"runtime":1}}