{"val_RMSE_loss":9.896841528121373,"train_RMSE_loss":12.572026307469104,"train_MSE_loss":158.0558454756952,"val_MSE_loss":97.94747223274777,"_timestamp":1.7288270827467656e+09,"_wandb":{"runtime":0},"val_R2_Score":94.3557271240439,"epoch":10,"train_R2_Score":711.9551368876909,"_step":10,"_runtime":0.508334841}