{"epochs":50,"train_recall":0.00041981528127623844,"batch_size":32,"_runtime":3.674070008,"train_precision":0.018518518518518517,"_step":0,"_timestamp":1.7284310789909053e+09,"val_precision":0.009259259259259259,"activation":"relu","val_recall":0.05555555555555555,"optimizer":"sgd","_wandb":{"runtime":3},"hidden_layers":[64,32],"val_loss":2.96347624002318,"train_loss":0.42524539770394126,"learning_rate":0.01}