{"val_recall":0,"_step":0,"optimizer":"sgd","hidden_layers":[64,32],"val_loss":1.0505777228091586,"activation":"sigmoid","epochs":50,"_runtime":3.5882265110000002,"_wandb":{"runtime":3},"_timestamp":1.7284299880287032e+09,"val_precision":0,"train_recall":0.006172839506172839,"batch_size":32,"train_loss":0.8327089899709628,"learning_rate":0.01,"train_precision":0.0024875621890547263}