{"train_precision":0.000925925925925926,"activation":"sigmoid","hidden_layers":[128,64,32],"optimizer":"adam","_timestamp":1.7284300575147545e+09,"val_loss":1.2765415207825803,"train_loss":1.1920677985750774,"learning_rate":0.001,"_step":0,"val_precision":0,"batch_size":32,"_runtime":2.1000161410000002,"train_recall":0.05555555555555555,"val_recall":0,"epochs":50,"_wandb":{"runtime":2}}