{"epoch":86,"precision":0.4043377976190476,"_wandb":{"runtime":1},"train_acc":0.3496919642857143,"recall":0.7448005952380952,"val_acc":0.2964761904761904,"_step":86,"_timestamp":1.7288259412580936e+09,"train_loss":5.015465166426515,"val_loss":4.934261189777874,"f1-score":0.4925682165057165,"_runtime":1.1562127580000001}