{"learning_rate":0.01,"hidden_layers":[128,64,32],"_step":0,"val_loss":2.77542229415742,"epochs":100,"_timestamp":1.7284327269591918e+09,"batch_size":64,"train_recall":0,"_wandb":{"runtime":11},"val_precision":0,"activation":"tanh","optimizer":"sgd","val_recall":0,"train_loss":0.003740712729605346,"_runtime":11.997485576999999,"train_precision":0}