{"_wandb":{"runtime":1},"train_acc":0.3462425595238095,"_step":74,"recall":0.8846250000000001,"_timestamp":1.728825694017211e+09,"val_acc":0.3330833333333334,"_runtime":1.062860611,"f1-score":0.4927983613608613,"precision":0.3703214285714286,"train_loss":5.102576299502664,"val_loss":5.080475086055301,"epoch":74}