{"epoch":999,"f1-score":0.32978467343221446,"_timestamp":1.7288224909423323e+09,"val_loss":1.580010283130692,"_step":999,"precision":0.3825251457852899,"train_acc":0.6553610503282276,"_wandb":{"runtime":8},"_runtime":8.496392512,"val_acc":0.5614035087719298,"train_loss":1.4857343826914724,"recall":0.32978467343221446}