{"_runtime":1.44889242,"train_acc":0.6772428884026258,"_wandb":{"runtime":1},"recall":0.40097558567441327,"precision":0.6595050648428769,"f1-score":0.40097558567441327,"epoch":16,"train_loss":0.7852851174593162,"val_loss":0.9669704212297451,"_timestamp":1.7288249772153406e+09,"_step":16,"val_acc":0.6403508771929824}