{"epoch":21,"f1-score":0.5083850593850595,"_wandb":{"runtime":1},"_timestamp":1.7288255401205132e+09,"val_loss":4.9876602972956965,"train_acc":0.3590505952380953,"recall":0.9736458333333334,"train_loss":4.996979723190866,"precision":0.36924553571428576,"_step":21,"_runtime":1.706818936,"val_acc":0.3455357142857143}