{"epoch":10,"train_R2_Score":568.997206537924,"_runtime":0.894590791,"_step":10,"_timestamp":1.72882760175598e+09,"train_MSE_loss":119.0499672829963,"_wandb":{"runtime":0},"val_MSE_loss":112.37903697068184,"val_R2_Score":76.42178583499916,"train_RMSE_loss":10.911002120932627,"val_RMSE_loss":10.600897932282994}