{"train_loss":0.747698253394401,"f1-score":0.3337167539070796,"_runtime":5.404037379,"precision":0.3542473197506568,"epoch":72,"_step":72,"_wandb":{"runtime":5},"val_loss":0.8901382474373413,"train_acc":0.6925601750547046,"val_acc":0.6754385964912281,"recall":0.3337167539070796,"_timestamp":1.7288240495698137e+09}