{"val_acc":0.5877192982456141,"_timestamp":1.7288225637693458e+09,"recall":0.9987179487179487,"epoch":999,"train_loss":0.0273670769961269,"_runtime":61.734693366,"_step":999,"_wandb":{"runtime":61},"precision":0.9986449864498645,"val_loss":6.467212016349034,"f1-score":0.9987179487179487,"train_acc":0.9967177242888403}