{"val_acc":0.7105263157894737,"epoch":285,"_wandb":{"runtime":1},"_runtime":1.974052594,"train_acc":0.7078774617067833,"_timestamp":1.728724883326534e+09,"train_loss":0.7410776574791832,"val_loss":0.8223212295978762,"_step":285}