{"val_acc":0.5789473684210527,"precision":0.43681238549838036,"_timestamp":1.7288240568428211e+09,"recall":0.3450692352029599,"_runtime":1.7492024929999999,"_wandb":{"runtime":1},"_step":82,"epoch":82,"train_acc":0.6816192560175055,"val_loss":1.072452863730492,"f1-score":0.3450692352029599,"train_loss":0.8029180323639372}