{"train_acc":0.3486160714285714,"_step":114,"val_loss":5.03388362751951,"recall":0.8007857142857143,"val_acc":0.3148571428571429,"_timestamp":1.7288253870765913e+09,"train_loss":5.006814755846363,"_wandb":{"runtime":1},"f1-score":0.4943319805194805,"epoch":114,"precision":0.38877827380952384,"_runtime":1.059892077}