{"precision":0.29775264808448176,"_timestamp":1.7288227278758416e+09,"train_acc":0.6225382932166302,"f1-score":0.2984299625693068,"epoch":499,"val_loss":1.5823040084685802,"train_loss":1.5976450553363475,"_step":499,"_runtime":5.679128727,"val_acc":0.6403508771929824,"recall":0.2984299625693068,"_wandb":{"runtime":5}}