{"f1-score":0.24510386016533559,"recall":0.24510386016533559,"val_loss":2.1560119351204396,"_step":999,"train_loss":2.208180202923628,"precision":0.2454760175858969,"_timestamp":1.7288229691194766e+09,"_runtime":8.213309165,"_wandb":{"runtime":8},"train_acc":0.47811816192560175,"val_acc":0.45614035087719296,"epoch":999}