{"_timestamp":1.7288281436255417e+09,"val_R2_Score":86.50588564792629,"epoch":10,"_wandb":{"runtime":0},"val_RMSE_loss":14.422740264570049,"_runtime":0.546010523,"_step":10,"val_MSE_loss":208.01543673925013,"train_R2_Score":752.7876008103632,"train_MSE_loss":144.5190919170641,"train_RMSE_loss":12.021609373002605}