{"val_recall":0.16666666666666666,"hidden_layers":[128,64,32],"train_recall":0.16666666666666666,"val_precision":0.0014749262536873156,"_timestamp":1.7284317331542046e+09,"_wandb":{"runtime":2},"_runtime":2.21581494,"batch_size":64,"optimizer":"sgd","learning_rate":0.1,"_step":0,"epochs":100,"train_precision":0.0005482456140350877,"activation":"relu","val_loss":1.2358789524914715,"train_loss":1.1579535027496781}