{"f1-score":0.5168407911532911,"_timestamp":1.7288256409989767e+09,"_wandb":{"runtime":1},"train_acc":0.36795089285714283,"epoch":24,"_runtime":1.9037813799999999,"val_loss":5.156925730689391,"val_acc":0.3877738095238095,"recall":0.8420744047619049,"precision":0.41051041666666666,"_step":24,"train_loss":4.882422508326296}