{"_runtime":1.132297894,"epoch":49,"recall":0.7946577380952381,"train_loss":4.912782169899026,"precision":0.4144345238095238,"f1-score":0.513498994061494,"val_acc":0.32260714285714287,"_timestamp":1.7288260782920768e+09,"val_loss":4.921520209095015,"_step":49,"train_acc":0.36690029761904763,"_wandb":{"runtime":1}}