{"epochs":100,"train_loss":1.2359547167319571,"val_loss":1.277615115941088,"_step":0,"activation":"tanh","_wandb":{"runtime":1},"train_precision":0.041423191793273605,"_timestamp":1.7284330631585734e+09,"train_recall":0.014024940137450632,"val_precision":0.08333333333333333,"_runtime":1.877730981,"val_recall":0.004273504273504273,"learning_rate":0.001,"optimizer":"adam","batch_size":128,"hidden_layers":[128,64,32]}