{"f1-score":0.16666666666666666,"_step":499,"epoch":499,"val_loss":2.1134483870967795,"recall":0.16666666666666666,"_timestamp":1.728823273733279e+09,"train_loss":2.1610406943897553,"_runtime":4.004354808,"_wandb":{"runtime":4},"precision":0.0711159737417943,"train_acc":0.42669584245076586,"val_acc":0.41228070175438597}