{"train_loss":1.8605049465094345,"val_loss":1.7465608116235274,"val_acc":0.5614035087719298,"epoch":499,"precision":0.18280342555061324,"_step":499,"f1-score":0.2229368081827098,"_timestamp":1.7288232146418238e+09,"recall":0.2229368081827098,"_wandb":{"runtime":5},"_runtime":5.400501585,"train_acc":0.5579868708971554}