{"_wandb":{"runtime":3},"_runtime":3.020573297,"epoch":499,"train_acc":0.6477024070021882,"recall":0.30667644388574616,"f1-score":0.30667644388574616,"precision":0.3144889422377419,"val_acc":0.6052631578947368,"_step":499,"_timestamp":1.728824599716734e+09,"val_loss":0.9134422670205072,"train_loss":0.861184781311197}