{"_wandb":{"runtime":1},"precision":0.2715977979943252,"val_acc":0.47368421052631576,"_step":99,"recall":0.27777565103384777,"_runtime":1.565850297,"_timestamp":1.7288226297656574e+09,"epoch":99,"train_acc":0.5218818380743983,"train_loss":2.1360727635767076,"val_loss":2.183605597946553,"f1-score":0.27777565103384777}