{"_runtime":7.095996373,"_step":999,"train_loss":1.9949290599977576,"recall":0.17337817009948156,"val_acc":0.42105263157894735,"val_loss":1.9150070707328246,"precision":0.16302604567616116,"epoch":999,"train_acc":0.4420131291028446,"_wandb":{"runtime":7},"_timestamp":1.728823467660775e+09,"f1-score":0.17337817009948156}