{"_step":15,"val_acc":0.3421428571428571,"_wandb":{"runtime":0},"epoch":15,"train_acc":0.38605357142857144,"f1-score":0.5247744477744477,"recall":0.7281279761904762,"train_loss":4.764247531782186,"_runtime":0.762817634,"_timestamp":1.728825778817298e+09,"precision":0.4458482142857143,"val_loss":5.018686907669822}