{"epoch":999,"val_acc":0.6403508771929824,"_step":999,"_wandb":{"runtime":11},"f1-score":0.30758521988030185,"train_loss":1.5173558274340453,"precision":0.30884986360036026,"_timestamp":1.7288229574198973e+09,"train_acc":0.6400437636761488,"val_loss":1.5430291991869443,"_runtime":11.263700205,"recall":0.30758521988030185}