{"train_loss":5.025570448929345,"_wandb":{"runtime":1},"precision":0.3730699404761905,"f1-score":0.5030458846708846,"train_acc":0.3531607142857143,"_step":70,"_runtime":1.291359133,"_timestamp":1.7288256111764262e+09,"epoch":70,"val_loss":5.196684290727192,"recall":0.8808630952380951,"val_acc":0.34964285714285714}