{"_runtime":8.127044665,"_timestamp":1.7288247719240563e+09,"train_acc":0.6936542669584245,"_step":532,"val_acc":0.5614035087719298,"precision":0.5100883593428808,"_wandb":{"runtime":8},"val_loss":0.9645955143390817,"epoch":532,"train_loss":0.7757744479200497,"recall":0.3439740271419458,"f1-score":0.3439740271419458}