{"val_acc":0,"_wandb":{"runtime":1},"val_loss":0.956649148626347,"train_loss":0.8115566546912937,"train_acc":0,"_timestamp":1.728723034586099e+09,"epoch":111,"learning_rate":0.01,"_runtime":1.183398918,"_step":111}