{"_timestamp":1.728825105232083e+09,"_wandb":{"runtime":1},"val_acc":0.6228070175438597,"epoch":17,"train_loss":0.785351785876106,"train_acc":0.675054704595186,"recall":0.37344651117385563,"f1-score":0.37344651117385563,"_runtime":1.54068514,"precision":0.673066090480769,"val_loss":0.9438990274011473,"_step":17}