{"activation":"tanh","val_recall":0.004273504273504273,"train_recall":0.006172839506172839,"train_loss":1.2132652249014815,"_step":0,"_wandb":{"runtime":1},"hidden_layers":[64,32],"val_precision":0.05555555555555555,"optimizer":"adam","_runtime":1.58979933,"_timestamp":1.7284326169070404e+09,"batch_size":64,"val_loss":1.3036908583245113,"learning_rate":0.001,"epochs":100,"train_precision":0.0012919896640826874}