{"train_loss":5.129316905115974,"train_acc":0.32713988095238095,"val_acc":0.32073809523809516,"epoch":11,"_step":11,"_runtime":0.743616642,"val_loss":5.237300756352384,"_wandb":{"runtime":0},"recall":0.8604940476190476,"f1-score":0.47306866050616053,"precision":0.3455848214285714,"_timestamp":1.7288257116685405e+09}