{"train_acc":0.9989059080962801,"val_loss":3.605389146061001,"_wandb":{"runtime":31},"val_acc":0.6929824561403509,"train_loss":0.0825238815841283,"recall":0.9985119047619048,"f1-score":0.9985119047619048,"epoch":313,"_runtime":31.543977025,"precision":0.9880952380952381,"_step":313,"_timestamp":1.7288236602928865e+09}