{"train_loss":1.4528785453511905,"val_loss":1.5560536336462936,"recall":0.3304794931844112,"_step":999,"precision":0.4999226510087044,"f1-score":0.3304794931844112,"val_acc":0.6140350877192983,"epoch":999,"train_acc":0.661925601750547,"_timestamp":1.7288228662439263e+09,"_wandb":{"runtime":14},"_runtime":14.781945786}