{"train_loss":1.5014736090843344,"train_acc":0.6586433260393874,"_step":499,"_wandb":{"runtime":7},"val_acc":0.6140350877192983,"precision":0.4876415675200058,"epoch":499,"_timestamp":1.7288222301594589e+09,"val_loss":1.5825641671875157,"_runtime":7.002425098,"recall":0.34002331912167977,"f1-score":0.34002331912167977}