{"train_acc":0.4201312910284464,"_step":499,"_wandb":{"runtime":4},"_timestamp":1.7288227347674742e+09,"precision":0.22013809852440125,"recall":0.22323505274324948,"train_loss":2.3741092009976885,"f1-score":0.22323505274324948,"val_acc":0.40350877192982454,"epoch":499,"_runtime":4.180839727,"val_loss":2.427115576476807}