{"f1-score":0.31482412215056943,"_step":53,"_timestamp":1.7288243896616302e+09,"epoch":53,"val_loss":0.9089918361102785,"recall":0.31482412215056943,"precision":0.31236390681860443,"_wandb":{"runtime":1},"val_acc":0.5877192982456141,"train_acc":0.6455142231947484,"_runtime":1.127351281,"train_loss":0.8449193505260016}