{"_runtime":3.027714661,"train_acc":0.7221006564551422,"epoch":469,"recall":0.37814994170926375,"_step":469,"_wandb":{"runtime":3},"val_acc":0.5614035087719298,"_timestamp":1.7288247062144678e+09,"f1-score":0.37814994170926375,"val_loss":1.0357325443168046,"train_loss":0.7210095270571522,"precision":0.5211971545888213}