{"_wandb":{"runtime":1},"train_loss":0.598737682901881,"val_loss":0.6406527772058028,"_runtime":1.743759981,"epoch":288,"train_acc":0.38342261904761904,"_step":288,"val_acc":0.34134523809523815,"_timestamp":1.7287277714759257e+09}