{"epoch":199,"_runtime":2.669044899,"precision":0.41293303571428575,"_wandb":{"runtime":2},"val_acc":0.3301190476190476,"f1-score":0.5146268939393939,"train_acc":0.36761904761904757,"val_loss":4.993808015774873,"train_loss":4.892938620360809,"recall":0.7857976190476191,"_timestamp":1.7288255301948624e+09,"_step":199}