{"_timestamp":1.7288257392318604e+09,"train_loss":4.880577764265933,"precision":0.40271726190476187,"_wandb":{"runtime":1},"_step":43,"train_acc":0.36313988095238103,"val_loss":5.032094991731808,"_runtime":1.095300064,"f1-score":0.5097650682650682,"val_acc":0.3457261904761904,"epoch":43,"recall":0.8238244047619048}