{"recall":0.7814255952380953,"_runtime":1.608657864,"val_loss":4.992100292295564,"precision":0.39390029761904766,"_wandb":{"runtime":1},"train_acc":0.35141666666666665,"_step":99,"f1-score":0.49615580946830945,"_timestamp":1.7288260196890898e+09,"epoch":99,"val_acc":0.34410714285714283,"train_loss":4.990812317477193}