{"_timestamp":1.7288255678163207e+09,"train_acc":0.3429389880952381,"precision":0.3444657738095238,"val_acc":0.3424999999999999,"_step":99,"val_loss":5.169267579487101,"_wandb":{"runtime":1},"f1-score":0.49317454073704076,"recall":0.9892291666666665,"train_loss":5.1408356854545465,"epoch":99,"_runtime":1.048701565}