{"_timestamp":1.7287276870234597e+09,"train_acc":0.41141071428571424,"_step":999,"train_loss":0.5786940987283095,"_wandb":{"runtime":4},"_runtime":4.663384297,"epoch":999,"val_acc":0.28960714285714284,"val_loss":0.6597707155346068}