{"epochs":100,"batch_size":128,"learning_rate":0.01,"val_recall":0,"hidden_layers":[128,64,32],"activation":"sigmoid","val_loss":1.0491204692691576,"optimizer":"sgd","train_loss":0.8066793745812771,"_step":0,"_runtime":11.755874164,"train_recall":0.006172839506172839,"_wandb":{"runtime":11},"val_precision":0,"_timestamp":1.72843098080598e+09,"train_precision":0.0020576131687242796}