{"val_acc":0.47368421052631576,"val_loss":1.0926793967979223,"_wandb":{"runtime":8},"_runtime":8.187589375,"_step":538,"train_acc":0.7013129102844639,"f1-score":0.3507897880978228,"train_loss":0.7418956041894178,"_timestamp":1.7288248323264942e+09,"precision":0.4277827781987235,"epoch":538,"recall":0.3507897880978228}