{"_step":499,"_timestamp":1.7288222356820273e+09,"train_acc":0.43326039387308535,"val_acc":0.5175438596491229,"recall":0.2065414890209972,"train_loss":2.220534669499567,"f1-score":0.2065414890209972,"_runtime":2.800249575,"precision":0.19644212512075598,"val_loss":1.874658699684101,"_wandb":{"runtime":2},"epoch":499}