{"train_R2_Score":1.5770718348023481e+10,"train_MSE_loss":3.343058786308185e+09,"train_RMSE_loss":57819.1904674234,"_wandb":{"runtime":0},"val_RMSE_loss":59060.27815356494,"val_MSE_loss":3.4881164555764604e+09,"_timestamp":1.7288269256904228e+09,"epoch":10,"_runtime":0.558711653,"val_R2_Score":2.14987976581026e+09,"_step":10}