{"val_recall":0.16666666666666666,"train_precision":0.002109704641350211,"batch_size":128,"train_loss":0.5803466796052363,"_wandb":{"runtime":6},"_step":0,"activation":"sigmoid","_timestamp":1.7284308258979115e+09,"val_precision":0.003472222222222222,"optimizer":"sgd","_runtime":6.134788866,"train_recall":0.006172839506172839,"learning_rate":0.1,"val_loss":1.569469383163191,"hidden_layers":[128,64,32],"epochs":50}