{"_wandb":{"runtime":0},"_runtime":0.520810803,"val_MSE_loss":5.4578554274741125e+14,"epoch":10,"train_RMSE_loss":2.3362054062813867e+07,"_step":10,"_timestamp":1.7288281660770435e+09,"val_R2_Score":3.661715451298802e+14,"val_RMSE_loss":2.3362053478823543e+07,"train_MSE_loss":5.4578557003383794e+14,"train_R2_Score":2.5870039307263205e+15}