{"precision":0.3807395833333333,"train_loss":5.010051046988804,"val_acc":0.33954761904761904,"f1-score":0.5020832015207015,"_wandb":{"runtime":1},"epoch":99,"recall":0.8503214285714286,"train_acc":0.35394642857142855,"_runtime":1.062187899,"val_loss":5.146924762899173,"_step":99,"_timestamp":1.728826157644756e+09}