{"_runtime":3.343814939,"train_acc":0.6466083150984683,"val_loss":1.010761718375318,"val_acc":0.5701754385964912,"train_loss":0.8666391237751374,"epoch":41,"_timestamp":1.7288241243760734e+09,"recall":0.29031208712301165,"f1-score":0.29031208712301165,"_step":41,"_wandb":{"runtime":3},"precision":0.34467266850367756}