{"f1-score":0.5057029914529915,"val_acc":0.3428928571428571,"_runtime":1.025478737,"train_acc":0.36068898809523814,"epoch":35,"recall":0.7952053571428571,"train_loss":4.9407474625254775,"_timestamp":1.7288255843887746e+09,"_step":35,"precision":0.41150000000000003,"_wandb":{"runtime":1},"val_loss":4.952214105892385}