{"_timestamp":1.7288259013516889e+09,"train_loss":5.344627111775938,"val_acc":0.34924999999999995,"train_acc":0.34422321428571423,"_wandb":{"runtime":1},"val_loss":5.378618500722658,"f1-score":0.49486809718059716,"recall":0.963625,"precision":0.351327380952381,"_step":21,"_runtime":1.123858704,"epoch":21}