{"epoch":71,"train_loss":0.8534691272609579,"val_loss":1.2833094709041286,"_runtime":1.1677976939999999,"_wandb":{"runtime":1},"_timestamp":1.7287248235909104e+09,"_step":71,"val_acc":0.543859649122807,"train_acc":0.6663019693654267}