{"_wandb":{"runtime":1},"val_acc":0.49122807017543857,"_step":99,"train_acc":0.5667396061269147,"precision":0.2817228357261975,"recall":0.2572012800496407,"train_loss":1.7906937067896933,"f1-score":0.2572012800496407,"_runtime":1.4246733489999999,"_timestamp":1.72882362161882e+09,"val_loss":1.7557393385786888,"epoch":99}