{"precision":0.37735416666666666,"_runtime":1.404245307,"val_acc":0.3080119047619048,"f1-score":0.4319589646464646,"train_loss":5.2092523507070245,"_step":21,"epoch":21,"_wandb":{"runtime":1},"val_loss":5.06499032028162,"_timestamp":1.7288259584290931e+09,"train_acc":0.29984375,"recall":0.5696666666666667}