{"_step":99,"_timestamp":1.7288213144428997e+09,"_wandb":{"runtime":6},"f1-score":0.5097749932570156,"val_acc":0.6842105263157895,"val_loss":1.5792874615736183,"train_loss":1.002602584895641,"recall":0.5097749932570156,"precision":0.8636693573339046,"train_acc":0.7833698030634574,"_runtime":6.767159593,"epoch":99}