{"val_R2_Score":70.2360553916271,"_timestamp":1.7288282076614995e+09,"train_MSE_loss":126.92147471694074,"val_RMSE_loss":13.762888115787508,"_wandb":{"runtime":0},"epoch":16,"train_R2_Score":649.2048514837226,"train_RMSE_loss":11.265943134817464,"val_MSE_loss":189.41708928768503,"_step":16,"_runtime":0.540542362}