{"_timestamp":1.7288222197278438e+09,"precision":0.9863069891784594,"recall":0.9967744800736603,"train_acc":0.9945295404814004,"_wandb":{"runtime":31},"f1-score":0.9967744800736603,"val_acc":0.5789473684210527,"_runtime":31.581302093,"train_loss":0.0853463040169261,"epoch":499,"_step":499,"val_loss":4.743017832202287}