{"f1-score":0.32196370866449603,"train_loss":0.8257442791696026,"precision":0.32009711881268416,"_wandb":{"runtime":1},"epoch":92,"val_loss":1.0957403473656917,"_step":92,"train_acc":0.6564551422319475,"val_acc":0.5526315789473685,"recall":0.32196370866449603,"_runtime":1.052805042,"_timestamp":1.7288250986705978e+09}