{"f1-score":0.5455042041292041,"_wandb":{"runtime":3},"val_loss":4.970078957486161,"_timestamp":1.7288258479517012e+09,"train_acc":0.3990416666666667,"train_loss":4.680997729190247,"precision":0.4506473214285714,"val_acc":0.36938095238095237,"recall":0.7926815476190475,"_runtime":3.478031264,"_step":264,"epoch":264}