{"precision":0.47503990781174193,"f1-score":0.31453345000179983,"val_acc":0.5701754385964912,"_wandb":{"runtime":1},"_runtime":1.104866056,"train_acc":0.6487964989059081,"_step":36,"recall":0.31453345000179983,"train_loss":0.8850753078568147,"epoch":36,"val_loss":0.9705940189358964,"_timestamp":1.7288245134038908e+09}