{"_wandb":{"runtime":5},"_runtime":5.216316547,"val_acc":0.6228070175438597,"val_loss":2.054904950779395,"_step":999,"train_acc":0.862144420131291,"epoch":999,"_timestamp":1.7287248427747064e+09,"train_loss":0.35793382618085484}