{"_step":0,"_runtime":1.043563279,"hidden_layers":[64,32],"val_recall":0.16666666666666666,"_wandb":{"runtime":1},"optimizer":"adam","val_precision":0.0021929824561403508,"val_loss":1.265273315044858,"epochs":50,"train_recall":0.05555555555555555,"batch_size":128,"activation":"sigmoid","train_loss":1.2222839367124274,"learning_rate":0.001,"_timestamp":1.7284307095989249e+09,"train_precision":0.0002777777777777778}