{"val_loss":5.16835537150849,"val_acc":0.33694047619047623,"recall":0.8868541666666667,"_wandb":{"runtime":1},"f1-score":0.49845032745032747,"_timestamp":1.7288252810619843e+09,"train_acc":0.3527366071428571,"train_loss":5.058928174148993,"_step":99,"_runtime":1.417954365,"precision":0.3826488095238095,"epoch":99}