{"_runtime":3.241262163,"val_acc":0.5350877192982456,"_wandb":{"runtime":3},"precision":0.23695755703659652,"recall":0.2310410786845213,"val_loss":1.9185835172356849,"f1-score":0.2310410786845213,"_timestamp":1.7288223279602396e+09,"train_loss":1.9904376508078379,"train_acc":0.5273522975929978,"epoch":499,"_step":499}