{"train_precision":0.0023809523809523807,"learning_rate":0.001,"hidden_layers":[128,64,32],"val_precision":0,"val_recall":0,"_step":0,"val_loss":1.305493858658137,"_timestamp":1.7284316871670866e+09,"optimizer":"adam","batch_size":64,"_runtime":1.6916305600000001,"_wandb":{"runtime":1},"train_loss":0.9472117740063523,"train_recall":0.006172839506172839,"epochs":100,"activation":"relu"}