{"_wandb":{"runtime":31},"f1-score":0.9980845543345543,"_timestamp":1.7288226682903547e+09,"val_acc":0.6140350877192983,"val_loss":3.265095332054525,"train_loss":0.09496176409354354,"_runtime":31.291439313,"recall":0.9980845543345543,"precision":0.9876411054885169,"epoch":499,"_step":499,"train_acc":0.9978118161925602}