{"epoch":99,"_wandb":{"runtime":9},"train_acc":0.8796498905908097,"val_loss":1.9258525274585019,"train_loss":0.6513465049094289,"_step":99,"recall":0.7401788216337396,"precision":0.9048692283220303,"val_acc":0.5964912280701754,"_timestamp":1.728823574081764e+09,"f1-score":0.7401788216337396,"_runtime":9.567724814}