{"batch_size":64,"train_recall":0.012345679012345678,"activation":"tanh","_wandb":{"runtime":1},"val_recall":0.05555555555555555,"val_precision":0.008333333333333333,"hidden_layers":[64,32],"train_loss":1.3699595928300432,"_runtime":1.140918017,"learning_rate":0.1,"_step":0,"train_precision":0.0021645021645021645,"optimizer":"sgd","epochs":50,"val_loss":2.281353528348994,"_timestamp":1.7284324825202343e+09}