{"_timestamp":1.7287244821055233e+09,"train_acc":0,"epoch":140,"val_loss":0.9086723791909085,"_runtime":1.16662352,"_step":140,"train_loss":0.8115777935209364,"_wandb":{"runtime":2},"val_acc":0}