{"train_loss":4.780184732321166,"precision":0.43839732142857146,"_timestamp":1.7288260640723774e+09,"train_acc":0.3904479166666667,"epoch":236,"val_loss":4.994968905690983,"recall":0.7990654761904762,"f1-score":0.5362655955155955,"_runtime":2.05662063,"val_acc":0.36352380952380964,"_wandb":{"runtime":2},"_step":236}