{"epoch":16,"f1-score":0.35151617719490313,"_wandb":{"runtime":1},"recall":0.35151617719490313,"_step":16,"val_loss":1.2137786765398295,"train_loss":0.9366517130855048,"precision":0.48571480320013255,"train_acc":0.6400437636761488,"_timestamp":1.728824367255182e+09,"_runtime":1.447282839,"val_acc":0.5789473684210527}