{"val_acc":0.543859649122807,"recall":0.3256152506355088,"_step":99,"precision":0.32495050321729085,"_timestamp":1.7288244748513997e+09,"train_loss":0.8291737481891606,"train_acc":0.6564551422319475,"f1-score":0.3256152506355088,"_wandb":{"runtime":1},"epoch":99,"val_loss":1.045364773423736,"_runtime":1.3228146760000001}