{"_step":342,"epoch":342,"val_loss":5.051102961037981,"train_loss":4.806025711278948,"train_acc":0.3768139880952381,"precision":0.440827380952381,"_timestamp":1.7288255763414795e+09,"_wandb":{"runtime":3},"_runtime":3.56948134,"recall":0.7706815476190476,"f1-score":0.5222130716505717,"val_acc":0.3695000000000001}