{"train_loss":0.7841105653142499,"recall":0.35070841866470653,"_runtime":1.318985557,"val_loss":0.9819734455038928,"_step":70,"_timestamp":1.7288246463788235e+09,"val_acc":0.5614035087719298,"_wandb":{"runtime":1},"train_acc":0.6761487964989059,"epoch":70,"f1-score":0.35070841866470653,"precision":0.6640514427470949}