{"_timestamp":1.7288221449156768e+09,"val_acc":0.5701754385964912,"f1-score":0.29783359855081165,"precision":0.2977055461936671,"epoch":99,"_runtime":1.5552372540000001,"recall":0.29783359855081165,"train_acc":0.6039387308533917,"_wandb":{"runtime":1},"val_loss":1.6357271319723885,"_step":99,"train_loss":1.701644499850206}