{"precision":0.3927202380952381,"val_loss":5.25905935002021,"recall":0.7873482142857142,"val_acc":0.3313095238095238,"train_acc":0.35309226190476195,"train_loss":4.958687719897681,"f1-score":0.4987703199578199,"_runtime":1.395603966,"_wandb":{"runtime":1},"_timestamp":1.7288260853847055e+09,"_step":111,"epoch":111}