{"_timestamp":1.728431571140252e+09,"train_loss":0.35498747776602485,"train_precision":0.0014367816091954023,"train_recall":0.006172839506172839,"activation":"relu","epochs":50,"batch_size":64,"_runtime":1.165962,"learning_rate":0.1,"val_precision":0,"val_recall":0,"_wandb":{"runtime":1},"val_loss":1.6963411417042549,"_step":0,"hidden_layers":[128,64,32],"optimizer":"adam"}