{"precision":0.39503273809523803,"train_loss":4.925414385959649,"val_loss":5.118542090641055,"f1-score":0.5036615675990676,"_runtime":1.111034718,"_step":99,"_timestamp":1.7288259354169538e+09,"recall":0.803202380952381,"epoch":99,"_wandb":{"runtime":1},"train_acc":0.3565550595238095,"val_acc":0.35147619047619044}