{"epoch":499,"train_acc":0.9945295404814004,"_wandb":{"runtime":30},"val_loss":2.8374711950591727,"_timestamp":1.7288227193274043e+09,"_step":499,"_runtime":30.12632047,"train_loss":0.12006164261874797,"f1-score":0.9514753347745151,"val_acc":0.5964912280701754,"recall":0.9514753347745151,"precision":0.9843835036161878}