{"recall":0.31448179558718414,"_step":19,"precision":0.46787994257971155,"train_acc":0.5514223194748359,"_runtime":2.676744319,"f1-score":0.31448179558718414,"val_acc":0.5350877192982456,"val_loss":1.2740203946655477,"train_loss":1.0412259464591487,"_wandb":{"runtime":2},"epoch":19,"_timestamp":1.7288242916653636e+09}