{"val_loss":1.2048875018272789,"_runtime":1.118669819,"train_loss":0.7789325640621065,"_step":0,"val_precision":0,"batch_size":64,"epochs":100,"learning_rate":0.01,"activation":"relu","optimizer":"adam","val_recall":0,"hidden_layers":[64,32],"_timestamp":1.7284316264738553e+09,"train_precision":0.001984126984126984,"train_recall":0.006172839506172839,"_wandb":{"runtime":1}}