{"precision":0.31892723466011175,"_wandb":{"runtime":1},"val_loss":1.0561848106092275,"recall":0.29459175403603427,"val_acc":0.5,"_runtime":1.110127943,"train_acc":0.649890590809628,"_timestamp":1.728824445469272e+09,"_step":57,"train_loss":0.9013680486687267,"f1-score":0.29459175403603427,"epoch":57}