{"activation":"tanh","val_loss":1.7786383836463164,"optimizer":"sgd","hidden_layers":[128,64,32],"batch_size":128,"_wandb":{"runtime":2},"epochs":100,"train_recall":0.006172839506172839,"val_recall":0.05555555555555555,"_step":0,"_timestamp":1.728433102559335e+09,"_runtime":2.570855916,"train_precision":0.0011111111111111111,"train_loss":1.2976927407300203,"val_precision":0.008333333333333333,"learning_rate":0.1}