{"train_loss":5.197224770176494,"train_acc":0.29662648809523806,"f1-score":0.4286634199134199,"_wandb":{"runtime":1},"_runtime":1.257792869,"recall":0.6259910714285714,"epoch":15,"precision":0.3468333333333334,"val_loss":5.2560888145856675,"val_acc":0.32489285714285715,"_step":15,"_timestamp":1.728825718380376e+09}