{"_timestamp":1.7288252548294463e+09,"val_acc":0.32645238095238094,"recall":0.8025,"_runtime":1.931008818,"_step":428,"train_loss":4.9233632108862455,"train_acc":0.35475744047619046,"precision":0.3965014880952381,"f1-score":0.49933513014763015,"_wandb":{"runtime":1},"epoch":428,"val_loss":5.120438847229552}