{"val_loss":0.9236521659756936,"train_loss":0.6716371810676003,"_wandb":{"runtime":2},"_step":26,"f1-score":0.39863888888888893,"epoch":26,"_timestamp":1.7288251116311944e+09,"_runtime":2.0400161470000002,"train_acc":0.7111597374179431,"precision":0.5302503935510128,"recall":0.39863888888888893,"val_acc":0.6228070175438597}