{"_step":45,"_wandb":{"runtime":1},"f1-score":0.3573464402880095,"recall":0.3573464402880095,"val_acc":0.631578947368421,"precision":0.35363498627482387,"_runtime":1.227710882,"train_loss":0.7377813536779512,"epoch":45,"train_acc":0.712253829321663,"_timestamp":1.7288246535782464e+09,"val_loss":0.9593843330075521}