{"val_acc":0.34875,"_runtime":4.347638228,"recall":0.999375,"f1-score":0.4941894771894772,"train_loss":5.161429640382513,"_step":579,"_wandb":{"runtime":4},"val_loss":5.208517745799221,"precision":0.3426785714285714,"train_acc":0.34265625,"_timestamp":1.72882522826385e+09,"epoch":579}