{"val_precision":0,"_runtime":2.06197229,"train_loss":1.778910409629727,"_step":0,"_timestamp":1.7284325772371469e+09,"hidden_layers":[128,64,32],"learning_rate":0.1,"val_loss":2.2042101485492154,"optimizer":"sgd","train_precision":0.0034458957205054687,"epochs":50,"val_recall":0,"activation":"tanh","batch_size":64,"_wandb":{"runtime":2},"train_recall":0.17901234567901234}