{"_step":46,"epoch":46,"_timestamp":1.7287277185274003e+09,"val_loss":0.6336888370070745,"_wandb":{"runtime":1},"val_acc":0.3282142857142857,"_runtime":1.125082626,"train_loss":0.6190598620612069,"train_acc":0.36069940476190476}