{"_step":499,"epoch":499,"f1-score":0.30755181749034205,"val_acc":0.6140350877192983,"precision":0.30314889788573995,"_wandb":{"runtime":34},"val_loss":1.5153001407503324,"train_loss":1.5213302945117806,"_runtime":34.748928771,"_timestamp":1.7288232587588432e+09,"train_acc":0.6323851203501094,"recall":0.30755181749034205}