{"val_loss":0.9532807268475391,"precision":0.4392083979845607,"_runtime":1.797520602,"val_acc":0.5789473684210527,"_timestamp":1.7288250658937528e+09,"epoch":21,"train_acc":0.7133479212253829,"train_loss":0.7025543674890848,"_step":21,"_wandb":{"runtime":1},"recall":0.3795026634476096,"f1-score":0.3795026634476096}