{"epochs":50,"val_precision":0.007575757575757576,"train_precision":0.0033333333333333335,"train_loss":1.659925043522112,"hidden_layers":[128,64,32],"activation":"tanh","batch_size":128,"learning_rate":0.1,"_wandb":{"runtime":1},"_step":0,"train_recall":0.018518518518518517,"optimizer":"sgd","val_recall":0.05555555555555555,"_timestamp":1.7284329226332698e+09,"val_loss":2.307039181330395,"_runtime":1.854676363}