{"train_precision":0.07063492063492065,"hidden_layers":[64,32],"train_recall":0.03308766365021613,"train_loss":1.3661909978458753,"batch_size":64,"_wandb":{"runtime":1},"learning_rate":0.001,"_runtime":1.393569351,"optimizer":"adam","val_precision":0.03333333333333333,"epochs":50,"activation":"tanh","val_loss":1.4271574917189742,"_timestamp":1.7284324491846023e+09,"_step":0,"val_recall":0.004273504273504273}