{"val_acc":0.6666666666666666,"_timestamp":1.7288246318366497e+09,"val_loss":0.8651001289611713,"_wandb":{"runtime":3},"f1-score":0.334108299821269,"recall":0.334108299821269,"_runtime":3.067523601,"train_loss":0.8034232363218776,"_step":197,"train_acc":0.6849015317286652,"epoch":197,"precision":0.3367236891312811}