{"train_loss":1.1293714108926345,"val_loss":1.125269652749586,"epoch":99,"val_acc":0.6403508771929824,"_wandb":{"runtime":1},"_timestamp":1.7288244227831993e+09,"recall":0.21555016272551122,"_step":99,"precision":0.17718037186122293,"f1-score":0.21555016272551122,"_runtime":1.0653232990000001,"train_acc":0.5328227571115973}