{"_wandb":{"runtime":6},"epoch":381,"recall":0.5226116685246608,"_runtime":6.047429204,"_step":381,"f1-score":0.5226116685246608,"_timestamp":1.7288247367311227e+09,"val_acc":0.631578947368421,"precision":0.8641135070380352,"val_loss":0.9918474656218124,"train_loss":0.49097285836667626,"train_acc":0.8336980306345733}