{"val_acc":0.32345238095238094,"_wandb":{"runtime":6},"f1-score":0.5015477092352093,"_runtime":6.212862507,"precision":0.36616369047619046,"recall":0.9086845238095238,"train_acc":0.3516309523809524,"_timestamp":1.7288255229472337e+09,"train_loss":5.054659981317513,"epoch":999,"val_loss":5.110342589509555,"_step":999}