{"_wandb":{"runtime":30},"val_loss":4.114032391170975,"epoch":499,"train_acc":0.9923413566739606,"_timestamp":1.7288222692876294e+09,"_runtime":30.889392741,"train_loss":0.08838700750423183,"recall":0.9968964550931764,"f1-score":0.9968964550931764,"val_acc":0.5877192982456141,"_step":499,"precision":0.9969251071482793}