{"_timestamp":1.7288275176619718e+09,"epoch":86,"val_RMSE_loss":9.179707352482213,"train_R2_Score":404.00139454497474,"_step":86,"val_R2_Score":50.00112209942675,"_wandb":{"runtime":1},"val_MSE_loss":84.267027077216,"_runtime":1.143795801,"train_MSE_loss":83.61268348019198,"train_RMSE_loss":9.143997128181525}