{"hidden_layers":[128,64,32],"val_loss":1.0731002254369029,"batch_size":32,"_runtime":11.768924349,"_wandb":{"runtime":11},"epochs":100,"_step":0,"_timestamp":1.7284302501778915e+09,"train_recall":0.006172839506172839,"activation":"sigmoid","train_loss":0.7917628305980301,"val_recall":0,"optimizer":"sgd","learning_rate":0.01,"val_precision":0,"train_precision":0.002347417840375587}