{"_runtime":2.191043954,"val_precision":0.0014619883040935672,"_timestamp":1.7284314153891056e+09,"batch_size":32,"optimizer":"sgd","val_recall":0.16666666666666666,"epochs":100,"hidden_layers":[128,64,32],"_wandb":{"runtime":2},"_step":0,"learning_rate":0.1,"train_precision":0.0005470459518599562,"train_loss":1.1580273527453329,"activation":"relu","val_loss":1.2368909813765943,"train_recall":0.16666666666666666}