{"val_acc":0.4473684210526316,"recall":0.21669493985067756,"_step":499,"train_loss":2.030841810462409,"val_loss":2.0346681955269386,"f1-score":0.21669493985067756,"epoch":499,"train_acc":0.48577680525164113,"_runtime":2.422587274,"precision":0.226166493749139,"_timestamp":1.728822282076991e+09,"_wandb":{"runtime":2}}