{"_wandb":{"runtime":1},"epoch":11,"train_RMSE_loss":11.565105538481683,"val_RMSE_loss":11.03613688290533,"_runtime":1.044509521,"train_R2_Score":644.3169698288618,"val_R2_Score":80.17251256812787,"_timestamp":1.7288276510022402e+09,"train_MSE_loss":133.7516661162197,"val_MSE_loss":121.79631729822339,"_step":11}