{"val_precision":0.003787878787878788,"epochs":100,"batch_size":128,"learning_rate":0.1,"_timestamp":1.7284331130394938e+09,"train_loss":0.3496437786214119,"activation":"tanh","_step":0,"hidden_layers":[128,64,32],"val_recall":0.16666666666666666,"_wandb":{"runtime":2},"val_loss":1.4345423348641166,"train_recall":0.06172839506172839,"train_precision":0.0019549052530582873,"optimizer":"adam","_runtime":2.013937149}