{"f1-score":0.2876267289177125,"_step":99,"_timestamp":1.7288225949614599e+09,"val_acc":0.6578947368421053,"val_loss":1.675891708671665,"epoch":99,"train_acc":0.6083150984682714,"recall":0.2876267289177125,"train_loss":1.744009188974442,"precision":0.2950334585650501,"_runtime":1.7642517450000001,"_wandb":{"runtime":1}}