{"recall":0.8913392857142857,"f1-score":0.5031750333000333,"_step":15,"precision":0.3724196428571428,"_runtime":1.260331184,"_timestamp":1.7288260250259123e+09,"epoch":15,"train_loss":5.019688474552168,"train_acc":0.3557648809523809,"val_acc":0.322047619047619,"_wandb":{"runtime":1},"val_loss":5.105843781729295}