{"_timestamp":1.7288259177800078e+09,"val_acc":0.3458809523809523,"precision":0.4556830357142857,"epoch":15,"f1-score":0.5402985001110001,"_wandb":{"runtime":1},"train_acc":0.39944940476190477,"_runtime":1.8074118769999998,"train_loss":4.669534113050479,"recall":0.7616488095238094,"val_loss":5.123827010797668,"_step":15}