{"train_loss":0.5923225480882135,"val_loss":1.0072358837819666,"_timestamp":1.7288248039057708e+09,"_wandb":{"runtime":1},"_runtime":1.725717733,"precision":0.7370027602491653,"_step":13,"recall":0.42619181597099104,"val_acc":0.5964912280701754,"epoch":13,"train_acc":0.7778993435448578,"f1-score":0.42619181597099104}