{"_runtime":1.244966128,"val_loss":2.93275688317261,"_step":99,"train_acc":0.1137855579868709,"recall":0.14567683000060047,"val_acc":0.14035087719298245,"f1-score":0.14567683000060047,"_timestamp":1.728822598942434e+09,"_wandb":{"runtime":1},"epoch":99,"train_loss":3.0848558546306695,"precision":0.13929363815897317}