{"recall":0.34177915046137414,"_wandb":{"runtime":1},"_runtime":1.2006176,"precision":0.34406963397603424,"f1-score":0.34177915046137414,"val_loss":0.9817162565637443,"_step":99,"epoch":99,"val_acc":0.5614035087719298,"_timestamp":1.7288242421806428e+09,"train_loss":0.7699533893257975,"train_acc":0.6914660831509847}