{"precision":0.4275,"train_acc":0.3704255952380952,"_timestamp":1.7288253668803315e+09,"val_loss":5.081797115959476,"f1-score":0.5141605894105894,"train_loss":4.823873095804263,"_runtime":2.606040691,"epoch":36,"val_acc":0.3304404761904762,"recall":0.7562261904761906,"_wandb":{"runtime":2},"_step":36}