{"_timestamp":1.7288257032455804e+09,"train_loss":4.773246764503643,"_step":255,"train_acc":0.38306398809523806,"recall":0.7725446428571427,"val_loss":5.039085201468541,"epoch":255,"_wandb":{"runtime":3},"precision":0.43571875,"_runtime":3.29999019,"val_acc":0.36263095238095233,"f1-score":0.5265772075147075}