{"val_acc":0.5175438596491229,"val_loss":1.491829454884075,"_step":10,"train_acc":0.6630196936542669,"recall":0.5060224102473488,"precision":0.6494176628588229,"_runtime":1.490905402,"_wandb":{"runtime":1},"f1-score":0.5060224102473488,"epoch":10,"train_loss":0.8248742559148,"_timestamp":1.7288250587974713e+09}