{"train_acc":404.00595961556485,"val_acc":50.20439381383454,"epoch":212,"_runtime":1.377926803,"_timestamp":1.7287285841703455e+09,"train_loss":86.3281690394611,"_step":212,"_wandb":{"runtime":1},"val_loss":92.32768356546751}