{"_runtime":6.866787834,"batch_size":64,"val_precision":0.0033333333333333335,"hidden_layers":[64,32],"activation":"sigmoid","learning_rate":0.1,"val_recall":0.16666666666666666,"optimizer":"sgd","train_loss":0.08931883432644913,"val_loss":2.7998999082519473,"_timestamp":1.7284305526958456e+09,"train_recall":0,"epochs":100,"_step":0,"_wandb":{"runtime":6},"train_precision":0}