{"train_R2_Score":700.079113810643,"_runtime":0.514343659,"val_R2_Score":79.15327926932841,"_wandb":{"runtime":0},"val_MSE_loss":170.2428033975858,"train_MSE_loss":148.12026771083686,"_step":10,"epoch":10,"train_RMSE_loss":12.17046702928186,"val_RMSE_loss":13.04771257338181,"_timestamp":1.7288278816242924e+09}