{"_timestamp":1.7288280570997326e+09,"train_RMSE_loss":12.591907106422926,"val_R2_Score":96.18155143591306,"val_MSE_loss":127.84855779377595,"val_RMSE_loss":11.30701365497433,"_wandb":{"runtime":0},"_step":10,"epoch":10,"train_R2_Score":748.9945918436016,"_runtime":0.616584024,"train_MSE_loss":158.5561245767842}