{"_step":151,"train_acc":0.3582857142857143,"_runtime":1.745604255,"recall":0.7523690476190475,"f1-score":0.5017016525141524,"_timestamp":1.7288259864797711e+09,"epoch":151,"_wandb":{"runtime":1},"precision":0.4196875,"train_loss":4.926653551101137,"val_loss":5.045509287520774,"val_acc":0.33016666666666666}