{"val_loss":1.016563971558236,"train_acc":0.6652078774617067,"_wandb":{"runtime":1},"_step":99,"recall":0.32419166518254466,"_runtime":1.132727952,"f1-score":0.32419166518254466,"epoch":99,"precision":0.32502333430010283,"train_loss":0.8422097113822612,"_timestamp":1.7288242478234775e+09,"val_acc":0.5526315789473685}