{"train_loss":0.5492407738905172,"hidden_layers":[64,32],"train_precision":0.001893939393939394,"val_precision":0.0030864197530864196,"learning_rate":0.1,"val_recall":0.16666666666666666,"val_loss":1.638342242073026,"activation":"sigmoid","batch_size":128,"_step":0,"epochs":50,"_runtime":3.821108555,"train_recall":0.006172839506172839,"_timestamp":1.7284307460642715e+09,"_wandb":{"runtime":3},"optimizer":"sgd"}