{"val_acc":0.6228070175438597,"_step":46,"f1-score":0.343003852153942,"_timestamp":1.7288242051978805e+09,"val_loss":0.9537906983025656,"precision":0.3206939206092975,"recall":0.343003852153942,"_wandb":{"runtime":3},"epoch":46,"train_loss":0.806437789687418,"train_acc":0.6652078774617067,"_runtime":3.401072578}