{"f1-score":0.44441058247308246,"train_acc":0.3085342261904762,"recall":0.6503541666666667,"_wandb":{"runtime":1},"_step":15,"val_loss":5.229112948996613,"_runtime":1.230872955,"val_acc":0.3026904761904762,"train_loss":5.343901428436887,"epoch":15,"_timestamp":1.7288258959932106e+09,"precision":0.36287202380952377}