{"recall":0.16029994595568367,"f1-score":0.16029994595568367,"epoch":99,"precision":0.07346466708635373,"train_loss":3.719753815953381,"val_loss":3.5112107021504344,"_wandb":{"runtime":1},"_timestamp":1.7288221672661836e+09,"train_acc":0.1575492341356674,"val_acc":0.21052631578947367,"_runtime":1.17056088,"_step":99}