{"_step":0,"optimizer":"sgd","epochs":100,"train_precision":0,"val_loss":3.060055105357792,"_wandb":{"runtime":10},"hidden_layers":[128,64,32],"_timestamp":1.7284330827842975e+09,"_runtime":10.341951241,"learning_rate":0.01,"val_precision":0,"activation":"tanh","val_recall":0,"batch_size":128,"train_loss":0.00914528831456239,"train_recall":0}