{"_runtime":1.466654996,"train_acc":0.5711159737417943,"val_loss":1.1584822244448185,"_step":99,"epoch":99,"val_acc":0.5614035087719298,"_timestamp":1.728824253637888e+09,"recall":0.22865691074928493,"_wandb":{"runtime":1},"train_loss":1.1085281850618538,"f1-score":0.22865691074928493,"precision":0.18901900185913997}