{"_timestamp":1.7288246837665658e+09,"train_acc":0.6520787746170679,"recall":0.31482804400243874,"val_acc":0.5087719298245614,"epoch":999,"_wandb":{"runtime":3},"_runtime":3.663531456,"f1-score":0.31482804400243874,"precision":0.3181409437139877,"_step":999,"train_loss":0.8751496122342927,"val_loss":1.0653384965613364}