{"hidden_layers":[128,64,32],"val_loss":1.0390580154604037,"_timestamp":1.7284302175855062e+09,"val_precision":0,"batch_size":32,"train_loss":0.9268286982646468,"_runtime":11.734288065,"learning_rate":0.001,"train_recall":0,"val_recall":0,"_step":0,"_wandb":{"runtime":11},"epochs":100,"optimizer":"sgd","train_precision":0,"activation":"sigmoid"}