{"_runtime":1.2879416479999999,"recall":0.20210872915790948,"val_loss":1.9132237046459943,"_wandb":{"runtime":1},"_step":99,"train_acc":0.5087527352297593,"train_loss":1.9891583754101718,"_timestamp":1.7288231088825963e+09,"epoch":99,"val_acc":0.5175438596491229,"precision":0.1664474116950602,"f1-score":0.20210872915790948}