{"_timestamp":1.7288257690867848e+09,"f1-score":0.5050003538128538,"precision":0.3785982142857142,"_runtime":2.026338099,"epoch":31,"_step":31,"val_acc":0.32611904761904753,"train_acc":0.3588988095238095,"train_loss":4.928519130597428,"recall":0.8880386904761904,"val_loss":5.124667962563765,"_wandb":{"runtime":2}}