{"val_precision":0,"batch_size":64,"_timestamp":1.7284305859837291e+09,"train_precision":0,"val_loss":1.0318923766650476,"_runtime":12.042838974,"activation":"sigmoid","learning_rate":0.001,"_wandb":{"runtime":12},"epochs":100,"hidden_layers":[128,64,32],"train_recall":0,"train_loss":0.9227900974885455,"_step":0,"val_recall":0,"optimizer":"sgd"}