{"val_loss":5.424727044179129,"precision":0.4011830357142857,"_timestamp":1.728826212772539e+09,"train_loss":5.177328394080647,"f1-score":0.4228723151848152,"_runtime":0.573776052,"epoch":14,"train_acc":0.29811755952380947,"val_acc":0.3052857142857142,"recall":0.5556279761904761,"_step":14,"_wandb":{"runtime":0}}