{"epoch":99,"val_acc":0.11403508771929824,"_runtime":1.177579797,"train_acc":0.11050328227571116,"recall":0.14923687423687423,"train_loss":2.927956036726289,"_step":99,"_wandb":{"runtime":1},"f1-score":0.14923687423687423,"val_loss":2.93847709098901,"_timestamp":1.728823112851802e+09,"precision":0.0325944631500187}