{"_runtime":1.123750554,"epoch":106,"train_acc":0,"_wandb":{"runtime":1},"train_loss":0.8097196046267087,"_step":106,"val_loss":0.9690491391345963,"val_acc":0,"_timestamp":1.728724088276047e+09}