{"_step":10,"val_MSE_loss":2.83643910148875e+09,"val_R2_Score":2.8091367641812606e+09,"train_RMSE_loss":53257.94221306254,"_runtime":0.530813201,"epoch":10,"_timestamp":1.7288278345409744e+09,"val_RMSE_loss":53258.23036384846,"train_R2_Score":1.3147909716889055e+10,"_wandb":{"runtime":0},"train_MSE_loss":2.8364084087699084e+09}