{"epoch":56,"recall":0.9513333333333333,"_timestamp":1.7288254734889064e+09,"_step":56,"val_loss":5.07573665244322,"_wandb":{"runtime":1},"train_acc":0.3500758928571428,"train_loss":5.119153197103272,"precision":0.3605267857142857,"_runtime":1.025804045,"val_acc":0.3400357142857143,"f1-score":0.5002438741813742}