{"train_acc":0.6739606126914661,"_wandb":{"runtime":11},"train_loss":1.4064217648431434,"_step":999,"val_loss":1.5178929003595978,"precision":0.46246161186083246,"_timestamp":1.728822407232077e+09,"f1-score":0.3515032326507736,"epoch":999,"recall":0.3515032326507736,"_runtime":11.045906312,"val_acc":0.6228070175438597}