{"val_acc":0.6228070175438597,"f1-score":0.39944533357947515,"_runtime":9.132489567,"precision":0.700689346739868,"_step":730,"epoch":730,"recall":0.39944533357947515,"_wandb":{"runtime":9},"train_acc":0.7450765864332604,"_timestamp":1.728824527436855e+09,"val_loss":0.9559136778640092,"train_loss":0.6524427533376229}