{"train_loss":0.46124168216301353,"epochs":50,"batch_size":32,"_step":0,"train_recall":0.006172839506172839,"learning_rate":0.1,"_timestamp":1.7284321829038517e+09,"optimizer":"adam","val_precision":0.003472222222222222,"train_precision":0.001557632398753894,"hidden_layers":[64,32],"val_recall":0.16666666666666666,"_wandb":{"runtime":1},"_runtime":1.167290655,"activation":"tanh","val_loss":1.141677252421322}