{"_runtime":0.49937331,"_step":10,"train_RMSE_loss":4.718811517518167e+18,"train_R2_Score":1.104505576792161e+38,"_wandb":{"runtime":0},"val_R2_Score":1.2959143697268807e+37,"val_RMSE_loss":4.762249451253925e+18,"epoch":10,"val_MSE_loss":2.2679019835968305e+37,"_timestamp":1.7288265475405579e+09,"train_MSE_loss":2.2267182137862106e+37}