{"_wandb":{"runtime":4},"precision":0.44422172619047623,"_step":383,"f1-score":0.5380293872793873,"train_loss":4.79871697865387,"val_loss":4.98217930897861,"_runtime":4.755209897,"train_acc":0.39152976190476196,"recall":0.8021488095238095,"val_acc":0.3581071428571429,"_timestamp":1.7288252464613526e+09,"epoch":383}