{"precision":0.2912444052840934,"recall":0.2841770871916468,"epoch":99,"_step":99,"train_acc":0.6039387308533917,"val_acc":0.6052631578947368,"f1-score":0.2841770871916468,"val_loss":1.0527727102856466,"_runtime":1.439534086,"train_loss":1.0486767803437398,"_timestamp":1.7288243353008032e+09,"_wandb":{"runtime":1}}