{"batch_size":32,"_wandb":{"runtime":1},"train_recall":0.006172839506172839,"val_loss":1.2963277045774977,"activation":"relu","train_loss":0.6641853555026214,"val_recall":0,"_timestamp":1.728431174432266e+09,"epochs":50,"train_precision":0.001851851851851852,"hidden_layers":[128,64,32],"_step":0,"val_precision":0,"_runtime":1.236870538,"learning_rate":0.01,"optimizer":"adam"}