{"val_acc":0.5789473684210527,"train_loss":0.9811005190133297,"train_acc":0.6455142231947484,"recall":0.3374155928066152,"f1-score":0.3374155928066152,"_runtime":1.438544765,"_timestamp":1.7288240716101058e+09,"epoch":10,"_step":10,"val_loss":1.4755902899835367,"precision":0.30440830416717274,"_wandb":{"runtime":1}}