{"f1-score":0.20191256830601093,"_wandb":{"runtime":4},"train_acc":0.5043763676148797,"_timestamp":1.7288225806236923e+09,"val_acc":0.5701754385964912,"epoch":999,"recall":0.20191256830601093,"_runtime":4.636728943,"train_loss":1.9481268405157752,"val_loss":1.7814890915872992,"_step":999,"precision":0.17042095642126684}