{"f1-score":0.6605425360731976,"_runtime":1.752575314,"_step":12,"_timestamp":1.7288250203539293e+09,"precision":0.8664692621444243,"recall":0.6605425360731976,"train_acc":0.799781181619256,"train_loss":0.501865609413141,"val_loss":1.2025480241570976,"val_acc":0.6052631578947368,"epoch":12,"_wandb":{"runtime":1}}