{"_runtime":1.137761789,"val_loss":5.136327349343641,"_timestamp":1.72882581726632e+09,"val_acc":0.3377023809523809,"epoch":99,"train_acc":0.34986011904761904,"_wandb":{"runtime":1},"f1-score":0.5002129537129537,"train_loss":5.090828809191333,"precision":0.36620238095238095,"recall":0.9054880952380953,"_step":99}