{"_runtime":1.708086383,"val_loss":1.1739977118759204,"epochs":50,"train_loss":1.082994123872225,"train_precision":0.00025759917568263783,"activation":"relu","val_recall":0,"_wandb":{"runtime":1},"train_recall":0.05555555555555555,"optimizer":"sgd","batch_size":32,"_timestamp":1.7284312436992998e+09,"hidden_layers":[128,64,32],"_step":0,"val_precision":0,"learning_rate":0.1}