{"learning_rate":0.1,"train_recall":0,"_step":0,"hidden_layers":[128,64,32],"val_loss":2.747468377287204,"activation":"sigmoid","train_precision":0,"val_recall":0.004273504273504273,"optimizer":"sgd","_wandb":{"runtime":11},"val_precision":0.05555555555555555,"train_loss":0.3071108454567483,"epochs":100,"_runtime":11.553949391,"batch_size":64,"_timestamp":1.728430663067733e+09}