{"val_loss":5.225854182146016,"f1-score":0.49054617604617606,"train_acc":0.34079613095238104,"_step":25,"_wandb":{"runtime":1},"precision":0.34357886904761914,"recall":0.9725297619047619,"train_loss":5.159081377596469,"val_acc":0.34660714285714284,"epoch":25,"_runtime":1.007768129,"_timestamp":1.7288260131491072e+09}