{"val_loss":2.6744810861162907,"_runtime":1.087041808,"precision":0.17050154034906548,"recall":0.19006260133309313,"f1-score":0.19006260133309313,"_step":99,"_timestamp":1.7288221851470077e+09,"epoch":99,"train_loss":2.5974510679189313,"_wandb":{"runtime":1},"train_acc":0.26805251641137856,"val_acc":0.19298245614035087}