{"_step":0,"val_loss":1.4738800196849982,"activation":"tanh","batch_size":64,"train_precision":0.0014367816091954023,"train_recall":0.006172839506172839,"_timestamp":1.7284326876219327e+09,"_wandb":{"runtime":10},"optimizer":"sgd","val_precision":0,"epochs":100,"val_recall":0,"hidden_layers":[128,64,32],"learning_rate":0.001,"_runtime":10.4540649,"train_loss":0.21489724345928363}