{"_timestamp":1.728825359937481e+09,"train_loss":5.586359981421555,"val_acc":0.3260595238095238,"_runtime":1.344049867,"_wandb":{"runtime":1},"f1-score":0.46084054834054833,"train_acc":0.3242663690476191,"val_loss":5.720082549772108,"recall":0.6566071428571427,"precision":0.38245238095238093,"_step":17,"epoch":17}