{"_timestamp":1.72843226316453e+09,"val_loss":1.649133881242346,"val_recall":0,"batch_size":32,"train_precision":0.001572327044025157,"_wandb":{"runtime":1},"train_recall":0.006172839506172839,"activation":"tanh","_runtime":1.554504501,"learning_rate":0.1,"epochs":50,"optimizer":"adam","hidden_layers":[128,64,32],"_step":0,"train_loss":0.20048700783504914,"val_precision":0}