{"_timestamp":1.7288241877341676e+09,"precision":0.3337969743411057,"train_loss":0.8746547070207413,"val_loss":0.9269506719346196,"f1-score":0.25621510872034875,"_wandb":{"runtime":1},"val_acc":0.6666666666666666,"train_acc":0.6083150984682714,"_runtime":1.7386052539999999,"_step":18,"recall":0.25621510872034875,"epoch":18}