{"precision":0.3089212531507644,"f1-score":0.28648441722212215,"val_loss":1.542780831223384,"val_acc":0.6140350877192983,"train_loss":1.6187850056711375,"_timestamp":1.7288230676104856e+09,"_wandb":{"runtime":8},"_runtime":8.023986832,"_step":99,"epoch":99,"recall":0.28648441722212215,"train_acc":0.6192560175054704}