{"epoch":176,"train_acc":0.7275711159737418,"recall":0.36919533378966407,"val_loss":0.8961632243868444,"_wandb":{"runtime":1},"train_loss":0.7018485813549726,"_timestamp":1.72882466616432e+09,"f1-score":0.36919533378966407,"_runtime":1.824301003,"_step":176,"precision":0.5285620328849028,"val_acc":0.6754385964912281}