{"epochs":100,"_timestamp":1.7284301410093746e+09,"val_recall":0.16666666666666666,"_wandb":{"runtime":1},"_step":0,"_runtime":1.7283833830000002,"activation":"sigmoid","learning_rate":0.001,"train_recall":0,"batch_size":32,"train_loss":1.1331610883036376,"hidden_layers":[64,32],"train_precision":0,"val_loss":1.2227067278894643,"val_precision":0.0033333333333333335,"optimizer":"adam"}