{"f1-score":0.49849673937173933,"_runtime":1.490230658,"epoch":103,"train_loss":4.943883318250107,"recall":0.7668720238095239,"_timestamp":1.728826151313597e+09,"_step":103,"val_acc":0.34214285714285714,"precision":0.4079181547619048,"train_acc":0.3559032738095238,"val_loss":5.184827526140967,"_wandb":{"runtime":1}}