{"val_R2_Score":94.70524578938009,"train_RMSE_loss":12.182244434522051,"_wandb":{"runtime":0},"epoch":12,"val_MSE_loss":131.37200305054645,"_step":12,"train_MSE_loss":148.40707946244348,"train_R2_Score":696.4628962917182,"val_RMSE_loss":11.46176265024479,"_runtime":0.583839748,"_timestamp":1.728827819388477e+09}