{"_step":388,"_timestamp":1.7288250043351574e+09,"_wandb":{"runtime":2},"f1-score":0.315719677394096,"recall":0.315719677394096,"_runtime":2.242500356,"epoch":388,"val_loss":1.079702195627598,"precision":0.3225180597159742,"train_loss":0.896121201658712,"train_acc":0.6553610503282276,"val_acc":0.5}