{"epoch":99,"precision":0.14396217986896961,"val_acc":0.40350877192982454,"_wandb":{"runtime":1},"_timestamp":1.728823090395763e+09,"train_loss":2.017435018606953,"train_acc":0.44638949671772427,"val_loss":1.9330647559730414,"recall":0.1764606977721732,"f1-score":0.1764606977721732,"_runtime":1.374088623,"_step":99}