{"_wandb":{"runtime":9},"_timestamp":1.7288257932394893e+09,"_runtime":9.443417062,"_step":999,"precision":0.4029166666666667,"recall":0.8389613095238095,"train_loss":4.946117440772836,"val_loss":4.848081399888826,"epoch":999,"train_acc":0.36932291666666667,"val_acc":0.34764285714285714,"f1-score":0.5176810134310135}