{"_timestamp":1.7288254342003512e+09,"precision":0.39318154761904767,"_step":999,"val_acc":0.3361785714285714,"_wandb":{"runtime":10},"train_acc":0.36117113095238096,"_runtime":10.441825529,"train_loss":4.9431798135988165,"val_loss":4.994586348551727,"f1-score":0.5101968933843934,"recall":0.8354315476190476,"epoch":999}