{"_timestamp":1.7288233455751512e+09,"train_loss":1.3523558100504283,"recall":0.3438732260453572,"val_acc":0.6491228070175439,"precision":0.3914770568268468,"val_loss":1.4807602955134191,"f1-score":0.3438732260453572,"_runtime":69.102487252,"epoch":999,"_wandb":{"runtime":69},"_step":999,"train_acc":0.6892778993435449}