{"_runtime":68.810831262,"precision":0.4622633757278167,"val_acc":0.6052631578947368,"_step":999,"recall":0.3571766348405692,"train_acc":0.6849015317286652,"f1-score":0.3571766348405692,"val_loss":1.47908949499728,"_wandb":{"runtime":68},"epoch":999,"train_loss":1.3634749326591855,"_timestamp":1.7288234445943084e+09}