{"activation":"relu","val_precision":0,"optimizer":"sgd","val_loss":1.4521045232493448,"train_loss":0.5071453044601054,"_timestamp":1.7284319156829128e+09,"epochs":100,"hidden_layers":[64,32],"_runtime":6.1836304460000004,"_wandb":{"runtime":6},"learning_rate":0.001,"train_precision":0.0016025641025641027,"val_recall":0,"train_recall":0.006172839506172839,"batch_size":128,"_step":0}