{"precision":0.4951247934723415,"_step":18,"train_acc":0.6586433260393874,"f1-score":0.3287512077294686,"recall":0.3287512077294686,"_timestamp":1.7288243517060418e+09,"train_loss":0.7707401972836618,"val_loss":1.0623486681413734,"val_acc":0.5087719298245614,"_runtime":1.93624321,"epoch":18,"_wandb":{"runtime":1}}