{"train_recall":0.006172839506172839,"learning_rate":0.1,"_timestamp":1.7284318010198514e+09,"epochs":50,"_runtime":3.201611631,"batch_size":128,"train_loss":0.8881677959225414,"train_precision":0.0012626262626262627,"hidden_layers":[64,32],"val_precision":0,"val_recall":0,"_wandb":{"runtime":3},"_step":0,"val_loss":1.2962817892003748,"activation":"relu","optimizer":"sgd"}