{"recall":0.2751321083288296,"val_loss":1.9286939217150485,"f1-score":0.2751321083288296,"_step":99,"precision":0.27089982864086465,"_runtime":1.538778344,"epoch":99,"train_loss":1.9530695197550976,"train_acc":0.5437636761487965,"val_acc":0.5614035087719298,"_wandb":{"runtime":1},"_timestamp":1.7288226124004831e+09}