{"_wandb":{"runtime":5},"_timestamp":1.7288245055399566e+09,"train_loss":0.8024718579997135,"val_acc":0.631578947368421,"train_acc":0.675054704595186,"f1-score":0.3370492805078377,"_runtime":5.431060575,"precision":0.5011577319576188,"_step":375,"epoch":375,"val_loss":0.9087130210116501,"recall":0.3370492805078377}