{"_step":273,"train_loss":0.8584309243062321,"precision":0.31624343510348024,"val_acc":0.5964912280701754,"_timestamp":1.728824659955553e+09,"train_acc":0.6520787746170679,"recall":0.30559531224848296,"epoch":273,"f1-score":0.30559531224848296,"_runtime":1.661044784,"val_loss":1.0056683746596642,"_wandb":{"runtime":1}}