{"_step":99,"train_acc":0.3450744047619048,"f1-score":0.4943151223776223,"_timestamp":1.7288255120709279e+09,"train_loss":5.113076501866411,"val_loss":5.079070401538925,"epoch":99,"precision":0.3511711309523809,"_runtime":1.103070283,"recall":0.9509166666666666,"_wandb":{"runtime":1},"val_acc":0.3399404761904761}