{"epoch":13,"val_loss":1.2715737471815127,"precision":0.3250352977662431,"recall":0.3430411899448597,"_runtime":1.32175899,"_timestamp":1.7288244804328206e+09,"_step":13,"_wandb":{"runtime":1},"f1-score":0.3430411899448597,"train_acc":0.6586433260393874,"train_loss":0.817916292245627,"val_acc":0.5877192982456141}