{"_wandb":{"runtime":1},"precision":0.38792708333333337,"_timestamp":1.7288260406955256e+09,"epoch":18,"val_acc":0.3349404761904762,"train_loss":4.946075089224155,"f1-score":0.5155835206460206,"recall":0.9103422619047619,"_step":18,"val_loss":4.869532842307997,"_runtime":1.5542821199999999,"train_acc":0.36737202380952383}