{"train_precision":0.00040950040950040947,"activation":"relu","_runtime":1.07633911,"val_precision":0,"_timestamp":1.728431788125368e+09,"batch_size":128,"epochs":50,"val_recall":0,"val_loss":1.2522050694597018,"hidden_layers":[64,32],"train_recall":0.05555555555555555,"optimizer":"adam","train_loss":0.9784655509989485,"learning_rate":0.01,"_wandb":{"runtime":1},"_step":0}