{"recall":0.24424002682199406,"train_acc":0.3282275711159737,"_runtime":1.059434846,"precision":0.16525268258251274,"val_acc":0.2807017543859649,"val_loss":2.7798577657796035,"_timestamp":1.7288221484758284e+09,"train_loss":2.7630008358956655,"_step":99,"epoch":99,"_wandb":{"runtime":1},"f1-score":0.24424002682199406}