{"train_loss":5.232258788490827,"f1-score":0.4669214466089466,"val_acc":0.29104761904761905,"_timestamp":1.7288258623470356e+09,"val_loss":5.409090814502913,"_step":19,"_runtime":1.366044376,"recall":0.5949166666666666,"_wandb":{"runtime":1},"train_acc":0.3296324404761905,"epoch":19,"precision":0.4267202380952381}