{"hidden_layers":[128,64,32],"_step":0,"train_precision":0,"val_recall":0,"optimizer":"adam","learning_rate":0.001,"epochs":100,"_timestamp":1.7284320324830215e+09,"train_recall":0,"activation":"relu","val_loss":1.3617545447281403,"val_precision":0,"train_loss":1.0349209903128933,"batch_size":128,"_wandb":{"runtime":1},"_runtime":1.297707127}