{"_wandb":{"runtime":3},"recall":0.23609741784037555,"train_acc":0.5897155361050328,"train_loss":0.9969287711307968,"val_acc":0.543859649122807,"val_loss":1.1289528588484359,"precision":0.19485570850566303,"_runtime":3.609553116,"_step":499,"_timestamp":1.728824222160874e+09,"epoch":499,"f1-score":0.23609741784037555}