{"train_loss":0.5661220240653762,"_wandb":{"runtime":5},"_runtime":5.95729695,"val_recall":0,"train_precision":0.0015290519877675841,"batch_size":128,"learning_rate":0.001,"_timestamp":1.7284329603273232e+09,"activation":"tanh","optimizer":"sgd","val_precision":0,"train_recall":0.006172839506172839,"epochs":100,"hidden_layers":[64,32],"_step":0,"val_loss":1.0857024546928284}