{"_step":999,"_wandb":{"runtime":8},"train_loss":2.1822316702363636,"precision":0.2558584318134098,"val_loss":2.253070875166862,"f1-score":0.27693245961688584,"recall":0.27693245961688584,"epoch":999,"_runtime":8.033416968,"_timestamp":1.728822877237295e+09,"train_acc":0.4824945295404814,"val_acc":0.43859649122807015}