{"f1-score":0.34600071467636156,"_runtime":2.799198267,"epoch":38,"_step":38,"_wandb":{"runtime":2},"recall":0.34600071467636156,"train_loss":0.7587171404178878,"_timestamp":1.7288244363744051e+09,"precision":0.33977706576314465,"val_acc":0.631578947368421,"train_acc":0.687089715536105,"val_loss":0.9118225802893998}