{"_wandb":{"runtime":1},"f1-score":0.5952118300555318,"train_loss":0.7698553465501523,"epoch":16,"train_acc":0.688183807439825,"val_loss":1.1371630907802501,"precision":0.6440301161093667,"recall":0.5952118300555318,"_timestamp":1.7288242754493415e+09,"val_acc":0.5175438596491229,"_runtime":1.461285071,"_step":16}