{"_timestamp":1.7288245833037949e+09,"precision":0.6605228209391789,"recall":0.3464476875466362,"train_acc":0.6794310722100656,"_wandb":{"runtime":2},"_step":804,"_runtime":2.918003014,"train_loss":0.7826964149469009,"val_acc":0.5964912280701754,"val_loss":0.9075816476130841,"epoch":804,"f1-score":0.3464476875466362}