{"activation":"relu","optimizer":"adam","_wandb":{"runtime":0},"val_loss":1.3819601495446316,"_timestamp":1.7284317653936603e+09,"batch_size":128,"train_precision":0.00038580246913580245,"val_precision":0,"train_recall":0.05555555555555555,"val_recall":0,"_runtime":0.865077101,"_step":0,"epochs":50,"hidden_layers":[64,32],"train_loss":1.2576250286183897,"learning_rate":0.001}