{"_wandb":{"runtime":1},"val_precision":0,"val_loss":1.1063435805559665,"hidden_layers":[64,32],"_timestamp":1.7284324984143617e+09,"epochs":50,"learning_rate":0.1,"_step":0,"batch_size":64,"_runtime":1.058318729,"val_recall":0,"optimizer":"adam","train_loss":0.6272137296775048,"train_recall":0.06172839506172839,"train_precision":0.0020074880535986997,"activation":"tanh"}