{"_runtime":31.143721215,"_step":499,"_wandb":{"runtime":31},"val_acc":0.6403508771929824,"_timestamp":1.728822315972702e+09,"precision":0.9854112069137976,"epoch":499,"recall":0.9959197792189595,"train_acc":0.9923413566739606,"f1-score":0.9959197792189595,"train_loss":0.08269612176996792,"val_loss":3.3311251086730755}