{"activation":"tanh","_timestamp":1.7284330527044039e+09,"hidden_layers":[128,64,32],"_step":0,"val_loss":1.491715986987513,"optimizer":"sgd","learning_rate":0.001,"batch_size":128,"_runtime":10.278431174,"train_precision":0,"_wandb":{"runtime":10},"val_precision":0,"train_loss":0.20438367264294086,"epochs":100,"train_recall":0,"val_recall":0}