{"val_RMSE_loss":10.091140403380209,"_runtime":0.533381404,"val_R2_Score":68.98790107914817,"epoch":12,"train_R2_Score":549.432942462229,"_wandb":{"runtime":0},"train_RMSE_loss":10.670115202745627,"_step":12,"_timestamp":1.7288269870807064e+09,"train_MSE_loss":113.85135843986335,"val_MSE_loss":101.8311146407325}