{"_wandb":{"runtime":3},"train_loss":0.7959110700858236,"recall":0.3595898534284956,"val_loss":0.9862801872218387,"f1-score":0.3595898534284956,"epoch":451,"val_acc":0.5877192982456141,"_timestamp":1.7288241627568388e+09,"_step":451,"train_acc":0.6903719912472648,"_runtime":3.158915785,"precision":0.4471763547015081}